Ordering 1:  8A-2B-7C   (this block order repeated for all 6 floors),,,,,,,,,,,,,,
,,,,,,,,,,,,,,
Seq #,Floor,Type,p_Framing,p_MEP,p_Finish,p_Insp,C_Framing,C_MEP,C_Finish,C_Insp,,,,
1,1,Type A,67,178,155,44,67,245,400,444,,RESULTS (minutes),,
2,1,Type A,67,178,155,44,134,423,578,622,,Makespan (days),117.46,
3,1,Type A,67,178,155,44,201,601,756,800,,,,
4,1,Type A,67,178,155,44,268,779,934,978,,Floor completion (min),,
5,1,Type A,67,178,155,44,335,957,"1,112","1,156",,Floor,Minutes,Days
6,1,Type A,67,178,155,44,402,"1,135","1,290","1,334",,Floor 1,"10,334",21.53
7,1,Type A,67,178,155,44,469,"1,313","1,468","1,512",,Floor 2,"19,543",40.71
8,1,Type A,67,178,155,44,536,"1,491","1,646","1,690",,Floor 3,"28,752",59.90
9,1,Type B,225,599,524,150,761,"2,090","2,614","2,764",,Floor 4,"37,961",79.09
10,1,Type B,225,599,524,150,986,"2,689","3,213","3,363",,Floor 5,"47,170",98.27
11,1,Type C,353,941,823,235,"1,339","3,630","4,453","4,688",,Floor 6,"56,379",117.46
12,1,Type C,353,941,823,235,"1,692","4,571","5,394","5,629",,,,
13,1,Type C,353,941,823,235,"2,045","5,512","6,335","6,570",,,,
14,1,Type C,353,941,823,235,"2,398","6,453","7,276","7,511",,,,
15,1,Type C,353,941,823,235,"2,751","7,394","8,217","8,452",,,,
16,1,Type C,353,941,823,235,"3,104","8,335","9,158","9,393",,,,
17,1,Type C,353,941,823,235,"3,457","9,276","10,099","10,334",,,,
18,2,Type A,67,178,155,44,"3,524","9,454","10,254","10,378",,,,
19,2,Type A,67,178,155,44,"3,591","9,632","10,409","10,453",,,,
20,2,Type A,67,178,155,44,"3,658","9,810","10,564","10,608",,,,
21,2,Type A,67,178,155,44,"3,725","9,988","10,719","10,763",,,,
22,2,Type A,67,178,155,44,"3,792","10,166","10,874","10,918",,,,
23,2,Type A,67,178,155,44,"3,859","10,344","11,029","11,073",,,,
24,2,Type A,67,178,155,44,"3,926","10,522","11,184","11,228",,,,
25,2,Type A,67,178,155,44,"3,993","10,700","11,339","11,383",,,,
26,2,Type B,225,599,524,150,"4,218","11,299","11,863","12,013",,,,
27,2,Type B,225,599,524,150,"4,443","11,898","12,422","12,572",,,,
28,2,Type C,353,941,823,235,"4,796","12,839","13,662","13,897",,,,
29,2,Type C,353,941,823,235,"5,149","13,780","14,603","14,838",,,,
30,2,Type C,353,941,823,235,"5,502","14,721","15,544","15,779",,,,
31,2,Type C,353,941,823,235,"5,855","15,662","16,485","16,720",,,,
32,2,Type C,353,941,823,235,"6,208","16,603","17,426","17,661",,,,
33,2,Type C,353,941,823,235,"6,561","17,544","18,367","18,602",,,,
34,2,Type C,353,941,823,235,"6,914","18,485","19,308","19,543",,,,
35,3,Type A,67,178,155,44,"6,981","18,663","19,463","19,587",,,,
36,3,Type A,67,178,155,44,"7,048","18,841","19,618","19,662",,,,
37,3,Type A,67,178,155,44,"7,115","19,019","19,773","19,817",,,,
38,3,Type A,67,178,155,44,"7,182","19,197","19,928","19,972",,,,
39,3,Type A,67,178,155,44,"7,249","19,375","20,083","20,127",,,,
40,3,Type A,67,178,155,44,"7,316","19,553","20,238","20,282",,,,
41,3,Type A,67,178,155,44,"7,383","19,731","20,393","20,437",,,,
42,3,Type A,67,178,155,44,"7,450","19,909","20,548","20,592",,,,
43,3,Type B,225,599,524,150,"7,675","20,508","21,072","21,222",,,,
44,3,Type B,225,599,524,150,"7,900","21,107","21,631","21,781",,,,
45,3,Type C,353,941,823,235,"8,253","22,048","22,871","23,106",,,,
46,3,Type C,353,941,823,235,"8,606","22,989","23,812","24,047",,,,
47,3,Type C,353,941,823,235,"8,959","23,930","24,753","24,988",,,,
48,3,Type C,353,941,823,235,"9,312","24,871","25,694","25,929",,,,
49,3,Type C,353,941,823,235,"9,665","25,812","26,635","26,870",,,,
50,3,Type C,353,941,823,235,"10,018","26,753","27,576","27,811",,,,
51,3,Type C,353,941,823,235,"10,371","27,694","28,517","28,752",,,,
52,4,Type A,67,178,155,44,"10,438","27,872","28,672","28,796",,,,
53,4,Type A,67,178,155,44,"10,505","28,050","28,827","28,871",,,,
54,4,Type A,67,178,155,44,"10,572","28,228","28,982","29,026",,,,
55,4,Type A,67,178,155,44,"10,639","28,406","29,137","29,181",,,,
56,4,Type A,67,178,155,44,"10,706","28,584","29,292","29,336",,,,
57,4,Type A,67,178,155,44,"10,773","28,762","29,447","29,491",,,,
58,4,Type A,67,178,155,44,"10,840","28,940","29,602","29,646",,,,
59,4,Type A,67,178,155,44,"10,907","29,118","29,757","29,801",,,,
60,4,Type B,225,599,524,150,"11,132","29,717","30,281","30,431",,,,
61,4,Type B,225,599,524,150,"11,357","30,316","30,840","30,990",,,,
62,4,Type C,353,941,823,235,"11,710","31,257","32,080","32,315",,,,
63,4,Type C,353,941,823,235,"12,063","32,198","33,021","33,256",,,,
64,4,Type C,353,941,823,235,"12,416","33,139","33,962","34,197",,,,
65,4,Type C,353,941,823,235,"12,769","34,080","34,903","35,138",,,,
66,4,Type C,353,941,823,235,"13,122","35,021","35,844","36,079",,,,
67,4,Type C,353,941,823,235,"13,475","35,962","36,785","37,020",,,,
68,4,Type C,353,941,823,235,"13,828","36,903","37,726","37,961",,,,
69,5,Type A,67,178,155,44,"13,895","37,081","37,881","38,005",,,,
70,5,Type A,67,178,155,44,"13,962","37,259","38,036","38,080",,,,
71,5,Type A,67,178,155,44,"14,029","37,437","38,191","38,235",,,,
72,5,Type A,67,178,155,44,"14,096","37,615","38,346","38,390",,,,
73,5,Type A,67,178,155,44,"14,163","37,793","38,501","38,545",,,,
74,5,Type A,67,178,155,44,"14,230","37,971","38,656","38,700",,,,
75,5,Type A,67,178,155,44,"14,297","38,149","38,811","38,855",,,,
76,5,Type A,67,178,155,44,"14,364","38,327","38,966","39,010",,,,
77,5,Type B,225,599,524,150,"14,589","38,926","39,490","39,640",,,,
78,5,Type B,225,599,524,150,"14,814","39,525","40,049","40,199",,,,
79,5,Type C,353,941,823,235,"15,167","40,466","41,289","41,524",,,,
80,5,Type C,353,941,823,235,"15,520","41,407","42,230","42,465",,,,
81,5,Type C,353,941,823,235,"15,873","42,348","43,171","43,406",,,,
82,5,Type C,353,941,823,235,"16,226","43,289","44,112","44,347",,,,
83,5,Type C,353,941,823,235,"16,579","44,230","45,053","45,288",,,,
84,5,Type C,353,941,823,235,"16,932","45,171","45,994","46,229",,,,
85,5,Type C,353,941,823,235,"17,285","46,112","46,935","47,170",,,,
86,6,Type A,67,178,155,44,"17,352","46,290","47,090","47,214",,,,
87,6,Type A,67,178,155,44,"17,419","46,468","47,245","47,289",,,,
88,6,Type A,67,178,155,44,"17,486","46,646","47,400","47,444",,,,
89,6,Type A,67,178,155,44,"17,553","46,824","47,555","47,599",,,,
90,6,Type A,67,178,155,44,"17,620","47,002","47,710","47,754",,,,
91,6,Type A,67,178,155,44,"17,687","47,180","47,865","47,909",,,,
92,6,Type A,67,178,155,44,"17,754","47,358","48,020","48,064",,,,
93,6,Type A,67,178,155,44,"17,821","47,536","48,175","48,219",,,,
94,6,Type B,225,599,524,150,"18,046","48,135","48,699","48,849",,,,
95,6,Type B,225,599,524,150,"18,271","48,734","49,258","49,408",,,,
96,6,Type C,353,941,823,235,"18,624","49,675","50,498","50,733",,,,
97,6,Type C,353,941,823,235,"18,977","50,616","51,439","51,674",,,,
98,6,Type C,353,941,823,235,"19,330","51,557","52,380","52,615",,,,
99,6,Type C,353,941,823,235,"19,683","52,498","53,321","53,556",,,,
100,6,Type C,353,941,823,235,"20,036","53,439","54,262","54,497",,,,
101,6,Type C,353,941,823,235,"20,389","54,380","55,203","55,438",,,,
102,6,Type C,353,941,823,235,"20,742","55,321","56,144","56,379",,,,
