run,k_shortages,timing_band,first_start_day,shortage_types,passive_tardiness,model1_tardiness,model2_tardiness,passive_makespan,model1_makespan,model2_makespan
1,1,early,19.3,A,4.8,0,0,118.416,117.456,117.456
2,1,early,5.6,C,3,0.742,0.742,117.956,117.456,117.456
3,1,early,24.8,C,3.4,0.742,0.742,118.136,117.456,117.456
4,1,early,4.4,B,2.82,0,0,117.926,117.456,117.456
5,1,early,4.4,B,2.7,0,0,117.906,117.456,117.456
6,1,early,19.3,A,7.05,0,0,118.866,117.456,117.456
7,1,early,19.3,A,6.45,0,0,118.746,117.456,117.456
8,1,early,19.3,A,2.15,0,0,117.886,117.456,117.456
9,1,early,41.5,B,4,0,0,118.456,117.456,117.456
10,1,early,17.4,C,4.92,1.113,1.113,118.276,117.456,117.456
11,1,early,38.5,A,2.08,0,0,117.976,117.456,117.456
12,1,early,19.3,A,4.6,0,0,118.376,117.456,117.456
13,1,early,19.3,A,6.35,0,0,118.726,117.456,117.456
14,1,early,22.3,B,7.6,0,0,118.976,117.456,117.456
15,1,early,22.3,B,5.4,0,0,118.536,117.456,117.456
16,1,early,41.5,B,3.24,0,0,118.266,117.456,117.456
17,1,early,24.8,C,8.85,1.854,1.854,119.226,117.456,117.456
18,1,early,4.4,B,7.14,0,0,118.646,117.456,117.456
19,1,early,26.7,C,5.25,1.113,1.113,118.506,117.456,117.456
20,1,early,19.3,A,2.7,0,0,117.996,117.456,117.456
21,1,early,22.3,B,2.95,0,0,118.046,117.456,117.456
22,1,early,19.3,A,12.45,0,0,119.946,117.456,117.456
23,1,early,5.6,C,7.74,1.483,1.483,118.746,117.456,117.456
24,1,early,41.5,B,3.48,0,0,118.326,117.456,117.456
25,1,early,22.3,B,6.5,0,0,118.756,117.456,117.456
26,1,early,19.3,A,11.9,0,0,119.836,117.456,117.456
27,1,early,15.4,C,2.76,0.742,0.46,117.916,117.456,117.212
28,1,early,22.3,B,7.2,0,0,118.896,117.456,117.456
29,1,early,41.5,B,3.12,0,0,118.236,117.456,117.456
30,1,early,13.4,C,5.28,1.113,1.113,118.336,117.456,117.456
31,1,early,41.5,B,2.44,0,0,118.066,117.456,117.456
32,1,early,19.3,A,3.4,0,0,118.136,117.456,117.456
33,1,early,9.5,C,4.38,0.742,0.742,118.186,117.456,117.456
34,1,early,22.3,B,2.45,0,0,117.946,117.456,117.456
35,1,early,15.4,C,4.62,1.113,0.77,118.226,117.456,117.205
36,1,early,22.3,B,10.15,0,0,119.486,117.456,117.456
37,1,early,22.3,B,13.45,0,0,120.146,117.456,117.456
38,1,early,22.3,B,12.3,0,0,119.916,117.456,117.456
39,1,early,19.3,A,2.9,0,0,118.036,117.456,117.456
40,1,early,20.4,A,5.6,0,0,118.576,117.456,117.456
41,1,early,22.3,B,3.9,0,0,118.236,117.456,117.456
42,1,early,5.6,C,5.52,1.113,1.113,118.376,117.456,117.456
43,1,early,19.3,A,7.7,0,0,118.996,117.456,117.456
44,1,early,17.4,C,8.76,1.483,1.483,118.916,117.456,117.456
45,1,early,23.5,B,10.85,0,0,119.626,117.456,117.456
46,1,early,24.8,C,9.1,1.854,1.854,119.276,117.456,117.456
47,1,early,22.3,B,4.8,0,0,118.416,117.456,117.456
48,1,early,22.3,B,2.3,0,0,117.916,117.456,117.456
49,1,early,19.3,A,5.2,0,0,118.496,117.456,117.456
50,1,early,5.6,C,2.64,0.742,0.44,117.896,117.456,117.246
51,1,early,1.3,A,7.32,0,0,118.676,117.456,117.456
52,1,early,28.7,C,1.9,0.742,0.38,117.836,117.456,117.186
53,1,early,26.7,C,4.65,1.113,1.113,118.386,117.456,117.456
54,1,early,22.3,B,6.75,0,0,118.806,117.456,117.456
55,1,early,19.3,A,9.9,0,0,119.436,117.456,117.456
56,1,early,41.5,B,4.44,0,0,118.566,117.456,117.456
57,1,early,19.3,A,2.6,0,0,117.976,117.456,117.456
58,1,early,22.3,B,5.55,0,0,118.566,117.456,117.456
59,1,early,24.8,C,1.9,0.742,0.38,117.836,117.456,117.186
60,1,early,28.7,C,4.55,1.113,1.113,118.366,117.456,117.456
61,1,early,21.2,A,8.55,0,0,119.166,117.456,117.456
62,1,early,11.5,C,12.18,2.225,2.225,119.486,117.456,117.456
63,1,early,22.3,B,5.9,0,0,118.636,117.456,117.456
64,1,early,41.5,B,7,0,0,119.206,117.456,117.456
65,1,early,17.4,C,5.1,1.113,1.113,118.306,117.456,117.456
66,1,early,19.3,A,9.25,0,0,119.306,117.456,117.456
67,1,early,24.8,C,9.2,1.854,1.854,119.296,117.456,117.456
68,1,middle,36.5,C,5.9,1.483,1.18,118.636,117.456,117.245
69,1,middle,76.9,A,4.2,0,0,119.556,117.456,117.456
70,1,middle,38.5,A,3.08,0,0,118.226,117.456,117.456
71,1,middle,82.3,C,2.12,1.113,1.06,118.516,117.456,117.441
72,1,middle,38.5,A,4.16,0,0,118.496,117.456,117.456
73,1,middle,69,C,4.05,1.483,1.35,118.806,117.456,117.415
74,1,middle,60.7,B,3.18,0,0,118.516,117.456,117.456
75,1,middle,79.8,B,2.32,0,0,118.616,117.456,117.456
76,1,middle,45.9,C,8.32,2.225,2.225,119.536,117.456,117.456
77,1,middle,99,B,2.27,0,0,119.726,117.456,117.456
78,1,middle,96.1,A,1.95,0,0,119.406,117.456,117.456
79,1,middle,39.3,A,3.84,0,0,118.416,117.456,117.456
80,1,middle,49.9,C,2.88,0.742,0.742,118.176,117.456,117.456
81,1,middle,36.5,C,4.05,1.113,0.81,118.266,117.456,117.191
82,1,middle,38.5,A,9.44,0,0,119.816,117.456,117.456
83,1,middle,79.8,B,1.14,0,0,118.026,117.456,117.456
84,1,middle,99,B,0.68,0,0,118.136,117.456,117.456
85,1,middle,99,B,2.11,0,0,119.566,117.456,117.456
86,1,middle,44,C,7.72,2.225,1.93,119.386,117.456,117.253
87,1,middle,41.5,B,11.2,0,0,120.256,117.456,117.456
88,1,middle,60.7,B,1.95,0,0,118.106,117.456,117.456
89,1,middle,49.9,C,3.64,1.113,1.113,118.366,117.456,117.456
90,1,middle,60.7,B,3.12,0,0,118.496,117.456,117.456
91,1,middle,41.5,B,4.72,0,0,118.636,117.456,117.456
92,1,middle,57.7,A,1.59,0,0,117.986,117.456,117.456
93,1,middle,96.1,A,2.56,0,0,120.016,117.456,117.456
94,1,middle,41.5,B,3.04,0,0,118.216,117.456,117.456
95,1,middle,96.1,A,0.76,0,0,118.216,117.456,117.456
96,1,middle,41.5,B,7.92,0,0,119.436,117.456,117.456
97,1,middle,79.8,B,1.96,0,0,118.436,117.456,117.456
98,1,middle,63.2,C,3.84,1.483,1.28,118.736,117.456,117.345
99,1,middle,76.9,A,1.54,0,0,118.226,117.456,117.456
100,1,middle,78.4,A,2.02,0,0,118.466,117.456,117.456
101,1,middle,38.5,A,5.64,0,0,118.866,117.456,117.456
102,1,middle,78.4,A,2.72,0,0,118.816,117.456,117.456
103,1,middle,60.7,B,6.09,0,0,119.486,117.456,117.456
104,1,middle,60.7,B,8.4,0,0,120.256,117.456,117.456
105,1,middle,60.7,B,4.17,0,0,118.846,117.456,117.456
106,1,middle,34.6,C,3.55,0.742,0.742,118.166,117.456,117.456
107,1,middle,38.5,A,3,0,0,118.206,117.456,117.456
108,1,middle,42.7,B,5.6,0,0,118.856,117.456,117.456
109,1,middle,76.9,A,1.58,0,0,118.246,117.456,117.456
110,1,middle,76.9,A,1.52,0,0,118.216,117.456,117.456
111,1,middle,79.8,B,0.82,0,0,117.866,117.456,117.456
112,1,middle,32.6,C,0,1.483,0,117.456,117.456,117.456
113,1,middle,42.7,B,2.88,0,0,118.176,117.456,117.456
114,1,middle,63.2,C,5.64,2.225,1.88,119.336,117.456,117.203
115,1,middle,60.7,B,3.69,0,0,118.686,117.456,117.456
116,1,middle,84.3,C,1.64,1.113,0.82,118.276,117.456,117.255
117,1,middle,57.7,A,2.61,0,0,118.326,117.456,117.456
118,1,middle,82.3,C,3.26,1.854,1.63,119.086,117.456,117.27
119,1,middle,41.5,B,10.6,0,0,120.106,117.456,117.456
120,1,middle,96.1,A,0.47,0,0,117.926,117.456,117.456
121,1,middle,79.8,B,2.04,0,0,118.476,117.456,117.456
122,1,middle,34.6,C,9.8,2.225,2.225,119.416,117.456,117.456
123,1,middle,84.3,C,5.1,2.596,2.55,120.006,117.456,117.448
124,1,middle,67.1,C,2.4,1.113,0.8,118.256,117.456,117.181
125,1,middle,58.4,A,2.28,0,0,118.216,117.456,117.456
126,1,middle,41.5,B,9.96,0,0,119.946,117.456,117.456
127,1,middle,90.2,C,1.68,1.113,0.84,118.296,117.456,117.221
128,1,middle,41.5,B,2.72,0,0,118.136,117.456,117.456
129,1,middle,42.7,B,3.76,0,0,118.396,117.456,117.456
130,1,middle,63.2,C,4.38,1.483,1.483,118.916,117.456,117.456
131,1,middle,57.7,A,1.5,0,0,117.956,117.456,117.456
132,1,middle,79.5,A,1.94,0,0,118.426,117.456,117.456
133,1,middle,38.5,A,3.24,0,0,118.266,117.456,117.456
134,1,middle,76.9,A,2.62,0,0,118.766,117.456,117.456
135,1,late,99,B,0.3,0,0,117.756,117.456,117.456
136,1,late,113.3,C,1.47,1.47,1.47,118.926,118.926,118.926
137,1,late,94.1,C,2.2,1.113,1.1,118.556,117.456,117.44
138,1,late,113.3,C,0.71,0.71,0.71,118.166,118.166,118.166
139,1,late,111.3,C,1.66,1.66,1.66,119.116,119.116,119.116
140,1,late,116.4,C,0,0,0,117.456,117.456,117.456
141,1,late,94.1,C,1.58,1.113,0.79,118.246,117.456,117.225
142,1,late,94.1,C,2.86,1.483,1.43,118.886,117.456,117.359
143,1,late,96.1,A,0.86,0,0,118.316,117.456,117.456
144,1,late,109.4,C,1.39,1.39,1.39,118.846,118.846,118.846
145,1,late,99,B,0.45,0,0,117.906,117.456,117.456
146,1,late,101.5,C,0.51,0.51,0.51,117.966,117.966,117.966
147,1,late,99,B,0.79,0,0,118.246,117.456,117.456
148,1,late,105.5,C,1.08,1.08,1.08,118.536,118.536,118.536
149,1,late,111.3,C,0.82,0.82,0.82,118.276,118.276,118.276
150,1,late,99,B,0.36,0,0,117.816,117.456,117.456
151,1,late,103.5,C,2.8,2.8,2.8,120.256,120.256,120.256
152,1,late,101.5,C,0.48,0.48,0.48,117.936,117.936,117.936
153,1,late,94.1,C,2.38,1.483,1.19,118.646,117.456,117.2
154,1,late,115.8,C,0,0,0,117.456,117.456,117.456
155,1,late,96.1,A,0.79,0,0,118.246,117.456,117.456
156,1,late,99,B,0.64,0,0,118.096,117.456,117.456
157,1,late,96.1,A,1.92,0,0,119.376,117.456,117.456
158,1,late,115.2,C,0,0,0,117.456,117.456,117.456
159,1,late,111.3,C,0.37,0.37,0.37,117.826,117.826,117.826
160,1,late,107.4,C,2,2,2,119.456,119.456,119.456
161,1,late,103.5,C,2.24,2.24,2.24,119.696,119.696,119.696
162,1,late,101.5,C,1.55,1.55,1.55,119.006,119.006,119.006
163,1,late,113.3,C,1.35,1.35,1.35,118.806,118.806,118.806
164,1,late,101.5,C,0.53,0.53,0.53,117.986,117.986,117.986
165,1,late,99,B,0.81,0,0,118.266,117.456,117.456
166,1,late,103.5,C,0.95,0.95,0.95,118.406,118.406,118.406
167,1,late,96.1,A,0.81,0,0,118.266,117.456,117.456
168,1,late,96.1,A,0.59,0,0,118.046,117.456,117.456
169,1,late,113.3,C,1.23,1.23,1.23,118.686,118.686,118.686
170,1,late,101.5,C,0.59,0.59,0.59,118.046,118.046,118.046
171,1,late,96.1,A,1.31,0,0,118.766,117.456,117.456
172,1,late,105.5,C,0.43,0.43,0.43,117.886,117.886,117.886
173,1,late,99,B,0.87,0,0,118.326,117.456,117.456
174,1,late,115,C,0,0,0,117.456,117.456,117.456
175,1,late,103.5,C,0.35,0.35,0.35,117.806,117.806,117.806
176,1,late,100.3,B,2.24,0,0,119.696,117.456,117.456
177,1,late,111.3,C,0.9,0.9,0.9,118.356,118.356,118.356
178,1,late,105.5,C,0.68,0.68,0.68,118.136,118.136,118.136
179,1,late,109.4,C,1.4,1.4,1.4,118.856,118.856,118.856
180,1,late,111.3,C,0.52,0.52,0.52,117.976,117.976,117.976
181,1,late,101.5,C,2.84,2.84,2.84,120.296,120.296,120.296
182,1,late,94.1,C,3.38,1.854,1.69,119.146,117.456,117.248
183,1,late,101.5,C,0.71,0.71,0.71,118.166,118.166,118.166
184,1,late,99,B,1.36,0,0,118.816,117.456,117.456
185,1,late,113.3,C,1.79,1.79,1.79,119.246,119.246,119.246
186,1,late,111.3,C,0.8,0.8,0.8,118.256,118.256,118.256
187,1,late,92.1,C,1.46,0.742,0.73,118.186,117.456,117.322
188,1,late,103.5,C,0.59,0.59,0.59,118.046,118.046,118.046
189,1,late,113.3,C,1.67,1.67,1.67,119.126,119.126,119.126
190,1,late,109.4,C,2.08,2.08,2.08,119.536,119.536,119.536
191,1,late,101.5,C,1.05,1.05,1.05,118.506,118.506,118.506
192,1,late,113.3,C,1.59,1.59,1.59,119.046,119.046,119.046
193,1,late,101.5,C,2.8,2.8,2.8,120.256,120.256,120.256
194,1,late,99,B,1.48,0,0,118.936,117.456,117.456
195,1,late,96.1,A,1.32,0,0,118.776,117.456,117.456
196,1,late,111.3,C,0.75,0.75,0.75,118.206,118.206,118.206
197,1,late,105.5,C,2.08,2.08,2.08,119.536,119.536,119.536
198,1,late,109.4,C,1.45,1.45,1.45,118.906,118.906,118.906
199,1,late,115.2,C,0,0,0,117.456,117.456,117.456
200,1,late,99,B,1.96,0,0,119.416,117.456,117.456
201,2,early,19.3,A|A,7.85,0,0,119.026,117.456,117.456
202,2,early,38.5,A|B,3.64,0,0,118.976,117.456,117.456
203,2,early,22.3,B|B,4.4,0,0,118.336,117.456,117.456
204,2,early,22.3,B|A,10.98,0,0,119.816,117.456,117.456
205,2,early,7.6,C|B,4.74,1.113,0.79,118.246,117.456,117.225
206,2,early,19.3,A|C,5.3,1.7,1.7,119.156,119.156,119.156
207,2,early,38.5,A|B,7.72,0,0,119.386,117.456,117.456
208,2,early,22.3,B|C,6.938,0,0,119.715,117.456,117.456
209,2,early,38.5,A|C,7.44,0,0,119.316,117.456,117.456
210,2,early,38.5,A|A,7.86,0,0,119.776,117.456,117.456
211,2,early,19.3,A|B,7.2,0,0,118.896,117.456,117.456
212,2,early,38.5,A|B,4.4,0,0,118.556,117.456,117.456
213,2,early,9.5,C|C,4.44,1.483,1.452,118.196,117.456,117.254
214,2,early,19.3,A|A,3.05,0,0,118.066,117.456,117.456
215,2,early,17.4,C|B,6.24,0.742,0.742,120.296,117.456,117.456
216,2,early,19.3,A|A,4.2,0,0,118.326,117.456,117.456
217,2,early,4.4,B|A,12.2,0,0,119.576,117.456,117.456
218,2,early,23.5,B|A,8.4,0,0,119.136,117.456,117.456
219,2,early,22.3,B|B,6.45,0,0,118.746,117.456,117.456
220,2,early,19.3,A|A,4.122,0,0,118.767,117.456,117.456
221,2,early,22.3,B|A,9.9,0,0,119.436,117.456,117.456
222,2,early,22.3,B|B,12.65,0,0,119.986,117.456,117.456
223,2,early,13.4,C|C,12.69,2.955,2.955,120.147,118.186,118.186
224,2,early,5.6,C|A,25.535,2.596,2.596,122.051,117.456,117.456
225,2,early,22.3,B|A,2.45,0,0,117.946,117.456,117.456
226,2,early,19.3,A|B,9.3,0,0,119.946,117.456,117.456
227,2,early,22.3,B|A,7.8,0,0,119.016,117.456,117.456
228,2,early,19.3,A|C,5.6,1.8,1.8,119.256,119.256,119.256
229,2,early,3.1,B|B,5.96,0,0,118.896,117.456,117.456
230,2,early,38.5,A|A,7.44,0,0,119.936,117.456,117.456
231,2,early,21.6,A|C,6.41,1.483,1.483,118.896,117.456,117.456
232,2,early,4.4,B|A,13.68,0,0,119.736,117.456,117.456
233,2,early,22.3,B|A,7.6,0,0,118.976,117.456,117.456
234,2,early,19.3,A|C,3.46,0.82,0.82,118.276,118.276,118.276
235,2,early,38.5,A|B,3,0,0,118.206,117.456,117.456
236,2,early,19.3,A|C,5.6,0.742,0.45,118.576,117.456,117.202
237,2,early,19.3,A|C,3.68,1,1,118.456,118.456,118.456
238,2,early,22.3,B|B,10.8,0,0,119.616,117.456,117.456
239,2,early,41.5,B|C,2.56,0.4,0.4,118.096,117.856,117.856
240,2,early,22.3,B|B,13.4,0,0,120.136,117.456,117.456
241,2,early,3.1,B|A,7.04,0,0,118.716,117.456,117.456
242,2,early,23.5,B|B,9.45,0,0,119.346,117.456,117.456
243,2,early,24.8,C|A,13.037,2.596,2.26,120.15,117.456,117.212
244,2,early,24.8,C|C,7.17,2.967,2.843,119.186,117.456,117.37
245,2,early,2.4,A|A,11.04,0,0,119.296,117.456,117.456
246,2,early,23.5,B|C,6.1,2.46,2.46,119.916,119.916,119.916
247,2,early,24.8,C|B,7.7,1.854,1.54,118.996,117.456,117.234
248,2,early,24.8,C|A,11.95,2.596,2.596,119.846,117.456,117.456
249,2,early,22.3,B|B,12.2,0,0,119.896,117.456,117.456
250,2,early,38.5,A|C,9.2,0.33,0.33,119.756,117.786,117.786
251,2,early,28.7,C|C,8.75,2.596,2.596,119.206,117.456,117.456
252,2,early,26.7,C|A,3.34,0.742,0.742,118.406,117.456,117.456
253,2,early,5.6,C|C,5.72,2.225,0.4,118.686,117.456,117.206
254,2,early,19.3,A|B,13.55,0,0,120.166,117.456,117.456
255,2,early,7.6,C|A,15.36,2.596,2.596,120.016,117.456,117.456
256,2,early,13.4,C|C,6.78,2.967,2.712,119.426,117.456,117.239
257,2,early,22.3,B|C,4,0,0,118.256,117.456,117.456
258,2,early,22.3,B|A,3.65,0,0,118.186,117.456,117.456
259,2,early,19.3,A|C,4.25,0.73,0.73,118.306,118.186,118.186
260,2,early,9.5,C|C,11.1,2.967,2.967,119.306,117.456,117.456
261,2,early,2.4,A|B,11.7,0,0,119.406,117.456,117.456
262,2,early,19.3,A|C,6.7,0.742,0.742,118.796,117.456,117.456
263,2,early,19.3,A|B,7.38,0,0,119.216,117.456,117.456
264,2,early,24.8,C|C,6.65,1.483,1.483,118.786,117.456,117.456
265,2,early,2.4,A|B,3.96,0,0,118.116,117.456,117.456
266,2,early,38.5,A|C,7.52,1.51,1.51,119.336,118.966,118.966
267,2,early,19.3,A|B,5.36,0,0,118.696,117.456,117.456
268,2,middle,45.9,C|C,4.08,2.225,2.023,118.476,117.456,117.345
269,2,middle,34.6,C|A,7.3,1.483,1.483,118.916,117.456,117.456
270,2,middle,65.1,C|A,0.99,1.113,0,118.446,117.456,117.456
271,2,middle,60.7,B|B,4.17,0,0,118.846,117.456,117.456
272,2,middle,32.6,C|B,0.46,0.742,0,117.916,117.456,117.456
273,2,middle,41.5,B|B,5.43,0,0,119.976,117.456,117.456
274,2,middle,41.5,B|C,5.34,1.35,1.35,118.806,118.806,118.806
275,2,middle,76.9,A|A,4.38,0,0,119.646,117.456,117.456
276,2,middle,38.5,A|A,1.8,0,0,117.906,117.456,117.456
277,2,middle,76.9,A|C,3.368,0,0,119.835,117.456,117.456
278,2,middle,41.5,B|C,6.74,0,0,119.236,117.456,117.456
279,2,middle,79.8,B|B,3.36,0,0,119.136,117.456,117.456
280,2,middle,76.9,A|C,1.5,0.742,0.41,118.206,117.456,117.162
281,2,middle,51.8,C|C,9.48,4.186,2.37,119.826,119.046,117.322
282,2,middle,60.7,B|C,6.65,2.596,2.56,120.016,117.456,117.41
283,2,middle,57.7,A|C,1.59,0.61,0.61,118.066,118.066,118.066
284,2,middle,96.1,A|C,2.6,0.64,0.64,120.057,118.096,118.096
285,2,middle,60.7,B|C,10.661,2.596,2.27,121.687,117.456,117.222
286,2,middle,90.2,C|C,3.1,3.123,1.09,119.466,119.466,117.155
287,2,middle,63.2,C|C,6.33,3.175,2.11,119.566,118.406,117.379
288,2,middle,76.9,A|A,1.14,0,0,118.026,117.456,117.456
289,2,middle,76.9,A|A,3.14,0,0,119.026,117.456,117.456
290,2,middle,73,C|C,1.41,1.202,0.47,117.926,117.916,117.276
291,2,middle,67.1,C|A,6.42,2.225,2.14,119.596,117.456,117.248
292,2,middle,79.8,B|C,1.18,0.66,0.66,118.116,118.116,118.116
293,2,middle,34.6,C|C,3.1,1.842,1.842,118.556,118.556,118.556
294,2,middle,44,C|C,2.84,1.602,1.602,118.316,118.316,118.316
295,2,middle,60.7,B|B,4.85,0,0,119.666,117.456,117.456
296,2,middle,79.8,B|C,3.98,1.8,1.8,119.446,119.256,119.256
297,2,middle,38.5,A|C,3.52,0.742,0.43,118.336,117.456,117.182
298,2,middle,76.9,A|C,2.58,0.61,0.61,118.746,118.066,118.066
299,2,middle,38.5,A|B,1.83,0,0,117.966,117.456,117.456
300,2,middle,79.8,B|C,2.66,1.3,1.3,118.786,118.756,118.756
301,2,middle,44,C|C,2.8,1.272,1.272,118.156,117.986,117.986
302,2,middle,69,C|A,4.06,1.483,1.26,118.856,117.456,117.325
303,2,middle,60.7,B|C,6.42,0.742,0.49,119.596,117.456,117.296
304,2,middle,96.1,A|B,2.18,0,0,119.636,117.456,117.456
305,2,middle,63.2,C|B,2.1,0.742,0.742,118.156,117.456,117.456
306,2,middle,67.1,C|C,4.32,2.783,2.783,118.896,118.756,118.756
307,2,middle,61.9,B|C,4.44,0.61,0.61,118.936,118.066,118.066
308,2,middle,63.2,C|C,2.48,1.822,1.822,118.536,118.536,118.536
309,2,middle,92.1,C|A,3.82,2.225,1.91,119.366,117.456,117.018
310,2,middle,76.9,A|C,3.24,0.6,0.6,119.076,118.056,118.056
311,2,middle,51.8,C|A,11.24,2.967,2.967,120.266,117.456,117.456
312,2,middle,38.5,A|C,7.24,1.113,0.8,119.266,117.456,117.235
313,2,middle,57.7,A|B,3.24,0,0,118.536,117.456,117.456
314,2,middle,41.5,B|C,6.2,1.08,1.08,119.006,118.536,118.536
315,2,middle,41.5,B|A,3.13,0,0,119.656,117.456,117.456
316,2,middle,63.2,C|A,4.37,1.483,1.483,118.946,117.456,117.456
317,2,middle,71,C|C,4.68,3.374,1.56,119.016,118.976,117.254
318,2,middle,79.8,B|C,1.48,0.742,0.51,118.196,117.456,117.262
319,2,middle,63.2,C|C,4.77,2.584,1.59,119.046,118.186,117.284
320,2,middle,63.2,C|C,8.951,4.079,2.01,120.927,117.456,117.279
321,2,middle,86.3,C|A,1.8,1.113,0.85,118.406,117.456,117.331
322,2,middle,59.9,A|C,2.19,0,0,118.186,117.456,117.456
323,2,middle,82.3,C|C,1.76,1.113,0.88,118.336,117.456,117.315
324,2,middle,74.9,C|B,5.43,1.854,1.854,119.266,117.456,117.456
325,2,middle,57.7,A|C,8.909,0,0,120.885,117.456,117.456
326,2,middle,82.3,C|A,1.78,1.113,0.89,118.346,117.456,117.325
327,2,middle,57.7,A|B,4.2,0,0,118.856,117.456,117.456
328,2,middle,76.9,A|C,1.66,0.97,0.97,118.426,118.426,118.426
329,2,middle,99,B|C,1.08,0,0,118.536,117.456,117.456
330,2,middle,82.3,C|C,2.51,2.612,0.641,119.326,119.326,117.458
331,2,middle,41.5,B|B,4.99,0,0,119.176,117.456,117.456
332,2,middle,79.8,B|C,1.78,0.76,0.76,118.346,118.216,118.216
333,2,middle,60.7,B|B,4.53,0,0,118.966,117.456,117.456
334,2,middle,76.9,A|B,2.92,0,0,118.916,117.456,117.456
335,2,late,105.5,C|C,0.67,0.67,0.67,118.126,118.126,118.126
336,2,late,101.5,C|C,0.87,0.87,0.87,118.326,118.326,118.326
337,2,late,100.3,B|C,1.91,0.89,0.89,119.366,118.346,118.346
338,2,late,105.5,C|C,4.55,4.55,4.55,122.007,122.007,122.007
339,2,late,109.4,C|C,0.64,0.64,0.64,118.096,118.096,118.096
340,2,late,116.3,C|C,0,0,0,117.456,117.456,117.456
341,2,late,96.1,A|C,1.36,1.36,1.36,118.816,118.816,118.816
342,2,late,109.4,C|C,1.38,1.38,1.38,118.836,118.836,118.836
343,2,late,109.4,C|C,2.05,2.05,2.05,119.506,119.506,119.506
344,2,late,103.5,C|C,1.79,1.79,1.79,119.246,119.246,119.246
345,2,late,107.4,C|C,0.84,0.84,0.84,118.296,118.296,118.296
346,2,late,103.5,C|C,1.9,1.9,1.9,119.356,119.356,119.356
347,2,late,111.3,C|C,1.828,1.828,1.828,119.285,119.285,119.285
348,2,late,107.4,C|C,1.1,1.1,1.1,118.556,118.556,118.556
349,2,late,96.1,A|C,1.4,0.31,0.31,118.856,117.766,117.766
350,2,late,109.4,C|C,0.68,0.68,0.68,118.136,118.136,118.136
351,2,late,96.1,A|C,2.27,2.27,2.27,119.726,119.726,119.726
352,2,late,101.5,C|C,1.64,1.64,1.64,119.096,119.096,119.096
353,2,late,107.4,C|C,3.57,3.57,3.57,121.027,121.027,121.027
354,2,late,92.1,C|C,3.06,1.854,1.53,118.986,117.456,116.961
355,2,late,111.3,C|C,1.14,1.14,1.14,118.596,118.596,118.596
356,2,late,98.7,A|C,0.83,0.48,0.48,118.286,117.936,117.936
357,2,late,114.1,C|C,0,0,0,117.456,117.456,117.456
358,2,late,97.5,A|B,1.85,0,0,119.306,117.456,117.456
359,2,late,103.5,C|C,1.19,1.19,1.19,118.646,118.646,118.646
360,2,late,116,C|C,0,0,0,117.456,117.456,117.456
361,2,late,101.5,C|C,1.42,1.42,1.42,118.876,118.876,118.876
362,2,late,101.5,C|C,2.02,2.02,2.02,119.476,119.476,119.476
363,2,late,103.5,C|C,0.96,0.96,0.96,118.416,118.416,118.416
364,2,late,114.2,C|C,0,0,0,117.456,117.456,117.456
365,2,late,105.5,C|C,0.92,0.92,0.92,118.376,118.376,118.376
366,2,late,103.5,C|C,1.73,1.73,1.73,119.186,119.186,119.186
367,2,late,96.4,A|C,2.75,0.79,0.79,120.207,118.246,118.246
368,2,late,105.5,C|C,2.38,2.38,2.38,119.836,119.836,119.836
369,2,late,109.4,C|C,0.61,0.61,0.61,118.066,118.066,118.066
370,2,late,100.3,B|C,1.89,0,0,119.346,117.456,117.456
371,2,late,103.5,C|C,1.48,1.48,1.48,118.936,118.936,118.936
372,2,late,105.5,C|C,2.19,2.19,2.19,119.646,119.646,119.646
373,2,late,113.3,C|C,1.9,1.9,1.9,119.356,119.356,119.356
374,2,late,115.9,C|C,0,0,0,117.456,117.456,117.456
375,2,late,115.6,C|C,0,0,0,117.456,117.456,117.456
376,2,late,92.1,C|C,4.94,4.216,2.47,119.926,119.076,117.443
377,2,late,111.3,C|C,1.75,1.75,1.75,119.206,119.206,119.206
378,2,late,101.5,C|C,2.198,2.198,2.198,119.655,119.655,119.655
379,2,late,114.9,C|C,0,0,0,117.456,117.456,117.456
380,2,late,111.3,C|C,0.53,0.53,0.53,117.986,117.986,117.986
381,2,late,105.5,C|C,1.42,1.42,1.42,118.876,118.876,118.876
382,2,late,101.5,C|C,3.76,3.76,3.76,121.217,121.217,121.217
383,2,late,101.5,C|C,1.94,1.94,1.94,119.396,119.396,119.396
384,2,late,107.4,C|C,1.76,1.76,1.76,119.216,119.216,119.216
385,2,late,99,B|C,0.71,0,0,118.166,117.456,117.456
386,2,late,101.5,C|C,0.86,0.86,0.86,118.316,118.316,118.316
387,2,late,101.5,C|C,1.13,1.13,1.13,118.586,118.586,118.586
388,2,late,114.9,C|C,0,0,0,117.456,117.456,117.456
389,2,late,109.4,C|C,0.69,0.69,0.69,118.146,118.146,118.146
390,2,late,113.3,C|C,0.56,0.56,0.56,118.016,118.016,118.016
391,2,late,101.5,C|C,0.6,0.6,0.6,118.056,118.056,118.056
392,2,late,96.1,A|C,2.4,2.4,2.4,119.856,119.856,119.856
393,2,late,114.4,C|C,0,0,0,117.456,117.456,117.456
394,2,late,113.9,C|C,0,0,0,117.456,117.456,117.456
395,2,late,115.2,C|C,0,0,0,117.456,117.456,117.456
396,2,late,111.3,C|C,2.35,2.35,2.35,119.806,119.806,119.806
397,2,late,99,B|C,0.96,0.96,0.96,118.416,118.416,118.416
398,2,late,107.4,C|C,2.508,2.508,2.508,119.965,119.965,119.965
399,2,late,99,B|C,2.23,2.23,2.23,119.686,119.686,119.686
400,2,late,114.9,C|C,0,0,0,117.456,117.456,117.456
401,3,early,22.3,B|B|C,7.34,1.854,1.63,119.086,117.456,117.324
402,3,early,19.3,A|C|C,5.048,0,0,118.865,117.456,117.456
403,3,early,24.8,C|B|C,6.43,2.967,0.86,119.026,117.456,117.295
404,3,early,38.5,A|C|C,7.72,3.338,1.93,119.386,117.456,117.253
405,3,early,28.7,C|A|B,8.95,1.854,1.854,119.306,117.456,117.456
406,3,early,19.3,A|A|C,8.23,0.742,0.742,119.316,117.456,117.456
407,3,early,41.5,B|A|C,5.683,1.82,1.82,119.418,119.276,119.276
408,3,early,19.3,A|A|C,4.86,1.58,1.58,119.036,119.036,119.036
409,3,early,38.5,A|B|B,5.92,0,0,119.206,117.456,117.456
410,3,early,9.5,C|C|C,6.48,3.266,2.432,118.776,118.126,117.33
411,3,early,5.6,C|B|A,9.62,1.483,1.483,119.226,117.456,117.456
412,3,early,41.5,B|A|C,5.64,0.88,0.88,118.866,118.336,118.336
413,3,early,17.4,C|B|C,6.72,1.483,1.12,118.576,117.456,117.339
414,3,early,38.5,A|A|C,3.461,0.93,0.93,118.697,118.386,118.386
415,3,early,5.6,C|A|C,14.782,2.225,2.225,120.377,117.456,117.456
416,3,early,5.6,C|A|C,11.34,1.372,1.372,120.047,118.086,118.086
417,3,early,26.7,C|A|B,8.49,0.742,0.742,119.826,117.456,117.456
418,3,early,22.3,B|C|C,8.95,0.45,0.45,119.246,117.906,117.906
419,3,early,5.6,C|C|C,10.08,4.428,3.259,119.136,118.546,117.541
420,3,early,22.3,B|C|A,9.17,2.225,2.225,119.596,117.456,117.456
421,3,early,19.3,A|A|C,13.25,2.13,2.13,121.547,119.586,119.586
422,3,early,17.4,C|B|B,10.28,0.742,0.742,119.416,117.456,117.456
423,3,early,20.4,A|B|B,5.13,0,0,118.706,117.456,117.456
424,3,early,22.3,B|A|C,3.86,0.86,0.86,118.316,118.316,118.316
425,3,early,22.3,B|C|C,7.9,3.338,0.77,119.736,117.456,117.443
426,3,early,19.3,A|B|C,13.55,2.28,2.28,120.206,119.736,119.736
427,3,early,19.3,A|B|C,9.65,1.04,1.04,119.386,118.496,118.496
428,3,early,17.4,C|B|B,5.46,1.113,0.79,118.486,117.456,117.33
429,3,early,19.3,A|A|A,10.11,0,0,119.586,117.456,117.456
430,3,early,38.5,A|C|A,5.6,1.483,1.483,118.856,117.456,117.456
431,3,early,19.3,A|B|B,9.75,0,0,119.406,117.456,117.456
432,3,early,38.5,A|B|C,3.96,0.73,0.73,118.446,118.186,118.186
433,3,early,17.4,C|C|C,10.97,3.338,3.338,119.466,117.456,117.456
434,3,early,15.4,C|B|B,8.52,0.742,0.742,119.226,117.456,117.456
435,3,early,28.7,C|C|C,5.7,2.225,1.14,118.596,117.456,117.215
436,3,early,19.3,A|B|A,6.25,0,0,118.706,117.456,117.456
437,3,early,28.7,C|B|C,7.1,2.596,2.533,118.876,117.456,117.223
438,3,early,22.3,B|B|B,6.55,0,0,118.766,117.456,117.456
439,3,early,19.3,A|A|C,11.72,1.68,1.68,121.097,119.136,119.136
440,3,early,22.3,B|C|C,8.15,1.95,1.95,119.406,119.406,119.406
441,3,early,38.5,A|C|C,7.8,2.953,2.953,119.406,119.296,119.296
442,3,early,38.5,A|C|C,5.24,2.69,2.69,120.147,120.147,120.147
443,3,early,13.4,C|B|C,5.93,2.596,2.232,118.946,117.456,117.184
444,3,early,22.3,B|C|A,7.05,1.483,1.483,118.866,117.456,117.456
445,3,early,38.5,A|A|B,5.56,0,0,118.846,117.456,117.456
446,3,early,28.7,C|C|A,9.33,2.967,2.967,119.636,117.456,117.456
447,3,early,4.4,B|A|C,7.57,1.3,1.3,120.717,118.756,118.756
448,3,early,22.3,B|C|A,9.75,1.854,1.55,119.406,117.456,117.19
449,3,early,7.6,C|B|B,5.7,1.113,0.81,118.546,117.456,117.245
450,3,early,11.5,C|B|A,5.76,1.113,1.113,118.416,117.456,117.456
451,3,early,19.3,A|A|C,6.145,1.35,1.35,118.806,118.806,118.806
452,3,early,22.3,B|A|C,5.99,1.854,1.66,119.116,117.456,117.3
453,3,early,5.6,C|C|C,11.202,3.337,3.337,119.927,117.456,117.456
454,3,early,41.5,B|C|C,7.12,0.99,0.99,119.236,118.446,118.446
455,3,early,24.8,C|B|C,5.86,0.742,0.742,119.516,117.456,117.456
456,3,early,41.5,B|B|C,4.4,1.113,0.94,118.656,117.456,117.375
457,3,early,22.3,B|B|C,5.6,0,0,119.296,117.456,117.456
458,3,early,22.3,B|C|B,8.64,2.225,1.95,119.406,117.456,117.273
459,3,early,19.3,A|B|C,4.46,1.22,1.22,118.676,118.676,118.676
460,3,early,30.7,C|B|C,6.08,1.113,1.113,118.966,117.456,117.456
461,3,early,19.3,A|B|C,6.3,1.483,1.483,118.716,117.456,117.456
462,3,early,22.3,B|C|C,5.42,1.54,1.54,118.996,118.996,118.996
463,3,early,11.5,C|C|C,6.398,4.04,4.04,120.755,120.755,120.755
464,3,early,38.5,A|C|C,4.76,1.732,1.732,118.646,118.446,118.446
465,3,early,5.6,C|C|C,21.482,5.327,5.205,121.037,117.456,117.425
466,3,early,38.5,A|B|C,9.101,0.371,0.35,119.767,117.456,117.425
467,3,early,5.6,C|C|C,16.841,6.304,1.839,122.277,117.456,117.383
468,3,middle,63.2,C|B|C,6.321,2.225,0.84,120.197,117.456,117.275
469,3,middle,69,C|C|C,3.19,2.492,2.492,119.206,119.206,119.206
470,3,middle,82.3,C|C|C,3.84,2.225,1.92,119.376,117.456,117.039
471,3,middle,79.8,B|B|B,2.78,0,0,119.396,117.456,117.456
472,3,middle,47.9,C|C|A,11.722,2.967,2.93,120.387,117.456,117.297
473,3,middle,60.7,B|C|C,4.05,1.483,0.48,118.806,117.456,117.286
474,3,middle,39.3,A|B|C,9.741,1.113,0.92,120.337,117.456,117.301
475,3,middle,34.6,C|B|C,5.21,2.283,2.283,118.626,118.626,118.626
476,3,middle,63.2,C|A|A,7.35,2.596,2.45,119.906,117.456,117.348
477,3,middle,32.6,C|A|C,1.23,1.762,1.02,118.686,118.476,118.476
478,3,middle,71,C|B|A,5.47,0.742,0.49,119.946,117.456,117.447
479,3,middle,60.7,B|A|B,7.29,0,0,119.886,117.456,117.456
480,3,middle,53.8,C|A|C,4.2,1.692,1.692,118.506,118.036,118.036
481,3,middle,79.8,B|C|C,2.538,1.113,1.04,118.795,117.456,117.213
482,3,middle,57.7,A|B|C,2.83,1.2,1.2,118.906,118.656,118.656
483,3,middle,57.7,A|C|C,5.64,2.225,2.21,119.666,117.456,117.343
484,3,middle,79.8,B|B|C,1.96,1.07,1.07,118.856,118.526,118.526
485,3,middle,76.9,A|A|C,2.54,0,0,118.726,117.456,117.456
486,3,middle,38.5,A|A|B,6.95,0,0,119.666,117.456,117.456
487,3,middle,38.5,A|B|C,9,0,0,119.706,117.456,117.456
488,3,middle,74.9,C|A|B,4,1.483,1.19,119.076,117.456,117.255
489,3,middle,34.6,C|C|C,4.25,2.596,2.574,118.306,117.456,117.424
490,3,middle,53.8,C|A|A,6.222,1.113,1.113,120.399,117.456,117.456
491,3,middle,44,C|A|B,5.96,1.854,1.49,118.946,117.456,117.13
492,3,middle,76.9,A|C|C,1.5,1.12,1.12,118.576,118.576,118.576
493,3,middle,79.8,B|C|A,3.92,0,0,119.416,117.456,117.456
494,3,middle,63.2,C|B|C,2.88,0.742,0.48,118.656,117.456,117.232
495,3,middle,79.8,B|B|B,4.68,0,0,119.796,117.456,117.456
496,3,middle,57.7,A|B|C,4.53,0,0,119.536,117.456,117.456
497,3,middle,41.5,B|B|C,3.76,1.483,1.2,118.656,117.456,117.421
498,3,middle,88.2,C|A|C,4.36,2.225,2.18,119.636,117.456,117.18
499,3,middle,76.9,A|A|B,4.56,0,0,119.956,117.456,117.456
500,3,middle,57.7,A|C|C,4.09,2.304,1.6,119.056,117.906,117.427
501,3,middle,60.7,B|A|C,4.85,0,0,119.306,117.456,117.456
502,3,middle,60.7,B|C|C,4.55,3.164,1.75,119.206,118.766,117.308
503,3,middle,44,C|B|A,5.03,1.483,1.24,118.766,117.456,117.305
504,3,middle,41.5,B|C|A,5.01,1.113,1.113,119.406,117.456,117.456
505,3,middle,49.9,C|A|C,3.73,2.312,1.358,119.026,119.026,117.329
506,3,middle,44,C|C|A,5.1,2.596,0.78,118.896,117.456,117.398
507,3,middle,38.5,A|C|A,7.44,1.113,1.113,119.316,117.456,117.456
508,3,middle,57.7,A|B|C,6.971,0.742,0.39,119.807,117.456,116.998
509,3,middle,59.9,A|B|C,2.72,1.4,1.4,119.276,118.856,118.856
510,3,middle,60.7,B|A|B,7.08,0,0,119.816,117.456,117.456
511,3,middle,90.2,C|A|C,3.86,2.895,1.93,119.386,118.126,117.199
512,3,middle,79.8,B|C|C,3.04,1.47,1.47,118.976,118.926,118.926
513,3,middle,79.8,B|B|C,3.74,1.45,1.45,119.326,118.906,118.906
514,3,middle,79.8,B|B|C,2.45,0,0,118.716,117.456,117.456
515,3,middle,38.5,A|C|C,12.338,0.97,0.97,121.605,118.426,118.426
516,3,middle,76.9,A|A|C,2.5,0.91,0.91,118.706,118.366,118.366
517,3,middle,40,A|B|A,6.502,0,0,119.238,117.456,117.456
518,3,middle,99,B|B|C,1.8,0,0,119.256,117.456,117.456
519,3,middle,79.8,B|B|C,3,0.99,0.99,118.956,118.446,118.446
520,3,middle,96.1,A|C|C,0.75,0.75,0.75,118.206,118.206,118.206
521,3,middle,60.7,B|B|C,4.4,0,0,119.256,117.456,117.456
522,3,middle,59.5,A|C|C,5.7,1.12,1.12,119.356,118.576,118.576
523,3,middle,84.3,C|A|C,6.41,4.586,2.581,121.407,119.446,117.578
524,3,middle,76.9,A|B|C,6.3,1.53,1.53,120.947,118.986,118.986
525,3,middle,78.7,A|A|C,4.44,0,0,119.676,117.456,117.456
526,3,middle,41.5,B|C|B,7.43,1.854,1.6,120.086,117.456,117.294
527,3,middle,34.6,C|A|B,4.29,0.371,0.371,118.746,117.456,117.456
528,3,middle,76.9,A|B|C,3.09,2.55,2.55,120.006,120.006,120.006
529,3,middle,63.2,C|C|A,3.69,1.483,1.23,118.686,117.456,117.295
530,3,middle,96.1,A|A|C,2,0,0,119.456,117.456,117.456
531,3,middle,38.5,A|B|C,6.56,0,0,119.256,117.456,117.456
532,3,middle,53.8,C|B|C,5.45,2.967,2.723,119.066,117.456,117.25
533,3,middle,57.7,A|B|A,5.21,0,0,119.616,117.456,117.456
534,3,middle,79.8,B|C|A,3.45,0,0,119.356,117.456,117.456
535,3,late,103.5,C|C|C,4.57,4.57,4.57,122.027,122.027,122.027
536,3,late,113.3,C|C|C,0.85,0.85,0.85,118.306,118.306,118.306
537,3,late,105.5,C|C|C,2.33,2.33,2.33,119.786,119.786,119.786
538,3,late,103.5,C|C|C,1.49,1.49,1.49,118.946,118.946,118.946
539,3,late,99,B|C|C,1.74,1.28,1.28,119.196,118.736,118.736
540,3,late,96.1,A|C|C,1.9,1.9,1.9,119.356,119.356,119.356
541,3,late,105.5,C|C|C,4.02,4.02,4.02,121.477,121.477,121.477
542,3,late,96.1,A|C|C,1.18,1.18,1.18,118.636,118.636,118.636
543,3,late,101.5,C|C|C,3.048,3.048,3.048,120.505,120.505,120.505
544,3,late,113.3,C|C|C,1.22,1.22,1.22,118.676,118.676,118.676
545,3,late,109.4,C|C|C,2.318,2.318,2.318,119.775,119.775,119.775
546,3,late,103.5,C|C|C,1.83,1.83,1.83,119.286,119.286,119.286
547,3,late,107.4,C|C|C,0.66,0.66,0.66,118.116,118.116,118.116
548,3,late,97.5,A|C|C,2.27,2.148,2.148,119.726,119.605,119.605
549,3,late,109.4,C|C|C,2.088,2.088,2.088,119.545,119.545,119.545
550,3,late,103.5,C|C|C,1.58,1.58,1.58,119.036,119.036,119.036
551,3,late,96.1,A|B|C,2.07,2.07,2.07,119.526,119.526,119.526
552,3,late,113.3,C|C|C,3.448,3.448,3.448,120.905,120.905,120.905
553,3,late,113.3,C|C|C,1.938,1.938,1.938,119.395,119.395,119.395
554,3,late,109.4,C|C|C,1.02,1.02,1.02,118.476,118.476,118.476
555,3,late,103.5,C|C|C,3.549,3.549,3.549,121.005,121.005,121.005
556,3,late,101.5,C|C|C,1.618,1.618,1.618,119.075,119.075,119.075
557,3,late,107.4,C|C|C,1.66,1.66,1.66,119.116,119.116,119.116
558,3,late,111.3,C|C|C,1.32,1.32,1.32,118.776,118.776,118.776
559,3,late,99,B|C|C,1.48,0.32,0.32,118.936,117.776,117.776
560,3,late,101.5,C|C|C,1.2,1.2,1.2,118.656,118.656,118.656
561,3,late,101.5,C|C|C,4.17,4.17,4.17,121.627,121.627,121.627
562,3,late,105.5,C|C|C,0.84,0.84,0.84,118.296,118.296,118.296
563,3,late,107.4,C|C|C,4.12,4.12,4.12,121.577,121.577,121.577
564,3,late,116.4,C|C|C,0,0,0,117.456,117.456,117.456
565,3,late,94.1,C|C|C,3.31,3.483,1.31,119.456,119.456,116.923
566,3,late,105.5,C|C|C,1.94,1.94,1.94,119.396,119.396,119.396
567,3,late,107.4,C|C|C,2.02,2.02,2.02,119.476,119.476,119.476
568,3,late,107.4,C|C|C,1.01,1.01,1.01,118.466,118.466,118.466
569,3,late,113.3,C|C|C,1.36,1.36,1.36,118.816,118.816,118.816
570,3,late,103.5,C|C|C,2.94,2.94,2.94,120.397,120.397,120.397
571,3,late,101.5,C|C|C,1.94,1.94,1.94,119.396,119.396,119.396
572,3,late,101.5,C|C|C,2.06,2.06,2.06,119.516,119.516,119.516
573,3,late,111.3,C|C|C,1.51,1.51,1.51,118.966,118.966,118.966
574,3,late,111.3,C|C|C,1.44,1.44,1.44,118.896,118.896,118.896
575,3,late,116.2,C|C|C,0,0,0,117.456,117.456,117.456
576,3,late,109.4,C|C|C,1.69,1.69,1.69,119.146,119.146,119.146
577,3,late,113.3,C|C|C,0.99,0.99,0.99,118.446,118.446,118.446
578,3,late,113.9,C|C|C,0,0,0,117.456,117.456,117.456
579,3,late,111.3,C|C|C,2.338,2.338,2.338,119.795,119.795,119.795
580,3,late,115.5,C|C|C,0,0,0,117.456,117.456,117.456
581,3,late,105.5,C|C|C,4.03,4.03,4.03,121.487,121.487,121.487
582,3,late,101.5,C|C|C,2.06,2.06,2.06,119.516,119.516,119.516
583,3,late,94.1,C|A|C,2.82,3.142,0.86,119.856,119.856,117.896
584,3,late,99,B|C|C,3.18,3.18,3.18,120.637,120.637,120.637
585,3,late,107.4,C|C|C,2.328,2.328,2.328,119.785,119.785,119.785
586,3,late,115.4,C|C|C,0,0,0,117.456,117.456,117.456
587,3,late,101.5,C|C|C,1.728,1.728,1.728,119.185,119.185,119.185
588,3,late,99,B|C|C,3.18,3.18,3.18,120.637,120.637,120.637
589,3,late,111.3,C|C|C,0.87,0.87,0.87,118.326,118.326,118.326
590,3,late,98.7,A|B|C,1.74,1.34,1.34,119.196,118.796,118.796
591,3,late,116,C|C|C,0,0,0,117.456,117.456,117.456
592,3,late,94.1,C|A|C,6.05,4.457,2.6,120.907,118.946,117.417
593,3,late,99,B|C|C,1.63,1.63,1.63,119.086,119.086,119.086
594,3,late,103.5,C|C|C,0.93,0.93,0.93,118.386,118.386,118.386
595,3,late,109.4,C|C|C,1.3,1.3,1.3,118.756,118.756,118.756
596,3,late,97.2,A|C|C,1.348,0,0,118.805,117.456,117.456
597,3,late,113.3,C|C|C,2.828,2.828,2.828,120.285,120.285,120.285
598,3,late,105.5,C|C|C,2.46,2.46,2.46,119.916,119.916,119.916
599,3,late,109.4,C|C|C,1.03,1.03,1.03,118.486,118.486,118.486
600,3,late,116.5,C|C|C,0,0,0,117.456,117.456,117.456
601,4,early,41.5,B|A|C|C,6.08,2.13,2.13,119.586,119.586,119.586
602,4,early,19.3,A|B|A|B,7.53,0,0,119.196,117.456,117.456
603,4,early,24.8,C|A|C|C,5.518,3.291,0.81,119.635,119.635,117.245
604,4,early,7.6,C|C|A|B,10.767,1.483,1.483,119.528,117.456,117.456
605,4,early,3.1,B|B|C|A,8.34,1.483,1.483,118.936,117.456,117.456
606,4,early,22.3,B|B|A|B,4.05,0,0,118.266,117.456,117.456
607,4,early,19.3,A|B|B|A,11.4,0,0,120.166,117.456,117.456
608,4,early,38.5,A|A|C|C,4.81,1.854,1.67,119.126,117.456,117.133
609,4,early,4.4,B|C|B|C,5.76,0.742,0.742,118.416,117.456,117.456
610,4,early,19.3,A|B|A|C,11.11,0.62,0.62,120.116,118.076,118.076
611,4,early,19.3,A|B|A|A,8.95,0,0,119.246,117.456,117.456
612,4,early,19.3,A|A|C|A,8.89,2.596,2.59,120.046,117.456,117.084
613,4,early,15.4,C|A|A|C,10.18,1.983,1.983,119.917,117.956,117.956
614,4,early,24.8,C|B|C|C,11.11,4.45,4.215,119.796,117.456,117.456
615,4,early,26.7,C|C|C|B,8.9,3.338,3.064,119.236,117.456,117.275
616,4,early,38.5,A|B|B|C,3.24,0.96,0.96,118.746,118.416,118.416
617,4,early,41.5,B|A|C|C,4.88,1.94,1.94,119.396,119.396,119.396
618,4,early,28.7,C|A|B|C,9.031,1.483,1.181,120.227,117.456,117.191
619,4,early,22.3,B|B|B|B,6.9,0,0,118.836,117.456,117.456
620,4,early,22.3,B|A|B|B,11.74,0,0,119.916,117.456,117.456
621,4,early,22.3,B|C|C|C,7.51,2.91,2.91,120.367,120.367,120.367
622,4,early,5.6,C|B|C|C,11.16,3.527,1.86,119.316,118.016,117.237
623,4,early,23.5,B|B|C|C,6.87,1.113,1.113,119.046,117.456,117.456
624,4,early,22.3,B|A|C|C,7.7,1.792,0.646,118.996,118.506,117.562
625,4,early,38.5,A|B|B|C,12.03,2.87,2.87,122.287,120.326,120.326
626,4,early,19.3,A|C|C|C,8.528,3.708,1.03,121.005,117.456,117.456
627,4,early,24.8,C|B|C|C,13.519,3.708,3.365,121.335,117.456,117.15
628,4,early,19.3,A|C|B|C,9.18,3.302,3.302,121.977,120.016,120.016
629,4,early,23.5,B|B|B|B,8.2,0,0,119.756,117.456,117.456
630,4,early,11.5,C|B|B|B,8.946,1.113,1.113,119.166,117.456,117.456
631,4,early,22.3,B|C|C|C,11.791,5.192,2.25,121.277,117.456,117.447
632,4,early,22.3,B|B|A|C,7.611,0.742,0.51,119.927,117.456,117.364
633,4,early,22.3,B|A|B|C,5.448,0,0,120.464,117.456,117.456
634,4,early,41.5,B|A|A|C,4.96,1.49,1.49,119.046,118.946,118.946
635,4,early,38.5,A|B|C|B,7.96,0.742,0.742,119.446,117.456,117.456
636,4,early,19.3,A|C|A|C,10.65,4.395,2.19,121.587,119.626,117.666
637,4,early,38.5,A|C|C|C,5.91,2.703,0.94,119.046,119.046,117.375
638,4,early,38.5,A|C|A|B,10.367,1.483,1.248,120.519,117.456,117.456
639,4,early,22.3,B|C|A|B,8.19,1.854,1.854,119.306,117.456,117.456
640,4,early,7.6,C|C|A|C,8.64,4.079,3.844,119.266,117.456,117.456
641,4,early,3.1,B|C|A|B,8.945,0,0,119.508,117.456,117.456
642,4,early,38.5,A|C|B|C,7.36,1.29,1.29,119.296,118.746,118.746
643,4,early,19.3,A|A|C|C,5.153,0.988,0.988,118.728,118.445,118.445
644,4,early,28.7,C|B|B|C,4.57,0.742,0.742,119.396,117.456,117.456
645,4,early,38.5,A|C|B|C,5.02,3.114,1.62,119.076,118.716,117.178
646,4,early,19.3,A|A|B|C,9.901,1.113,1.113,120.477,117.456,117.456
647,4,early,4.4,B|A|B|A,12.22,0,0,119.676,117.456,117.456
648,4,early,17.4,C|C|C|A,7.26,2.225,2.001,119.086,117.456,117.324
649,4,early,19.3,A|C|A|C,6,2.563,1.2,118.656,118.536,117.265
650,4,early,3.1,B|C|B|C,12.83,2.545,2.545,119.737,117.776,117.776
651,4,early,19.3,A|B|C|C,20.682,4.316,2.26,123.097,119.176,117.307
652,4,early,24.8,C|C|C|C,15.041,5.8,2.74,120.867,118.806,117.321
653,4,early,19.3,A|C|A|C,7.47,3.338,3.294,119.246,117.456,117.45
654,4,early,19.3,A|B|A|C,13.71,2.31,2.31,121.727,119.766,119.766
655,4,early,19.7,A|A|C|C,8.09,2.592,0.649,119.306,119.306,117.438
656,4,early,19.3,A|B|A|A,11.2,0,0,119.696,117.456,117.456
657,4,early,19.3,A|C|B|C,7.59,2.793,0.79,119.136,119.136,117.225
658,4,early,2,A|C|B|C,10.56,0.742,0.742,120.116,117.456,117.456
659,4,early,19.3,A|B|B|C,4.7,1.483,1.29,118.746,117.456,117.3
660,4,early,11.5,C|C|B|B,12.22,1.854,1.55,119.736,117.456,117.19
661,4,early,19.3,A|A|A|A,11.15,0,0,119.686,117.456,117.456
662,4,early,22.3,B|A|C|C,5.76,2.8,2.8,120.257,120.257,120.257
663,4,early,4.4,B|B|A|C,10.978,0,0,119.835,117.456,117.456
664,4,early,19.3,A|A|A|B,10.65,0,0,119.586,117.456,117.456
665,4,early,19.3,A|C|A|B,10.88,1.483,1.483,119.806,117.456,117.456
666,4,early,19.3,A|A|A|B,4.76,0,0,119.056,117.456,117.456
667,4,early,22.3,B|B|A|C,11.56,1.43,1.43,120.847,118.886,118.886
668,4,middle,36.5,C|B|A|C,8.26,2.225,2.225,119.256,117.456,117.456
669,4,middle,60.7,B|C|C|C,3.63,1.883,1.21,118.666,117.856,117.275
670,4,middle,74.9,C|A|A|C,4.81,1.113,1.06,120.146,117.456,117.441
671,4,middle,36.5,C|C|B|A,15.681,4.45,4.216,121.037,117.456,117.314
672,4,middle,57.7,A|C|A|A,10.711,1.854,1.619,121.027,117.456,117.456
673,4,middle,96.1,A|A|C|C,1.84,1.84,1.84,119.296,119.296,119.296
674,4,middle,61.9,B|B|C|C,5.428,1.948,1.948,119.405,119.405,119.405
675,4,middle,36.5,C|B|C|C,6.15,2.732,2.732,119.446,119.446,119.446
676,4,middle,71,C|C|B|C,3.21,1.483,0.5,119.666,117.456,117.306
677,4,middle,41.5,B|A|B|B,5.35,0,0,119.036,117.456,117.456
678,4,middle,45.9,C|C|B|C,17.47,4.215,4.15,122.475,117.456,117.269
679,4,middle,57.7,A|B|B|C,5.226,0,0,119.224,117.456,117.456
680,4,middle,63.2,C|B|C|C,3.32,2.633,0.84,119.096,118.976,117.275
681,4,middle,41.5,B|A|B|C,8.65,1.88,1.88,119.886,119.336,119.336
682,4,middle,60.7,B|C|C|A,5.22,1.854,1.854,119.196,117.456,117.456
683,4,middle,76.9,A|C|C|C,6.58,1.87,1.87,121.287,119.326,119.326
684,4,middle,51.8,C|A|A|A,9.448,1.113,2.881,121.32,117.456,117.443
685,4,middle,88.2,C|C|C|C,7.329,5.715,2.62,122.165,120.205,117.201
686,4,middle,57.7,A|A|B|C,5.36,2.02,2.02,119.476,119.476,119.476
687,4,middle,69,C|C|B|B,4.48,2.596,1.428,119.116,117.456,117.373
688,4,middle,51.8,C|B|C|C,2.41,1.412,0.47,118.456,118.126,117.276
689,4,middle,86.3,C|C|C|C,1.42,1.762,0.4,118.476,118.476,117.206
690,4,middle,49.9,C|A|C|C,5.47,4.016,2.513,118.876,118.876,117.251
691,4,middle,36.5,C|C|A|C,8.2,2.225,2.225,119.096,117.456,117.456
692,4,middle,57.7,A|C|C|C,14.422,2.771,0.57,123.777,119.857,117.896
693,4,middle,34.6,C|A|C|C,11.9,3.485,3.485,120.677,118.716,118.716
694,4,middle,60.7,B|C|C|A,4.672,0,0,119.948,117.456,117.456
695,4,middle,82.3,C|C|C|C,4.488,4.823,4.488,120.055,120.055,120.055
696,4,middle,76.9,A|B|A|B,4.568,0,0,119.744,117.456,117.456
697,4,middle,38.5,A|A|C|C,6.53,3.963,1.75,120.306,120.306,118.346
698,4,middle,60.7,B|A|A|C,2.7,0.55,0.55,118.506,118.006,118.006
699,4,middle,49.9,C|B|C|C,4.51,2.633,1.12,118.606,118.606,117.185
700,4,middle,57.7,A|B|C|B,4.62,1.854,1.54,118.996,117.456,117.234
701,4,middle,63.2,C|C|C|C,4.2,3.976,1.688,118.856,118.836,117.744
702,4,middle,41.5,B|C|B|C,6.33,0,0,119.256,117.456,117.456
703,4,middle,45.9,C|A|A|C,3.27,1.782,1.782,118.836,118.496,118.496
704,4,middle,60.7,B|B|C|B,4.26,1.483,1.27,118.876,117.456,117.335
705,4,middle,82.3,C|B|B|C,5.53,3.833,1.61,121.767,119.806,117.846
706,4,middle,57.7,A|A|B|B,4.502,0,0,119.856,117.456,117.456
707,4,middle,76.9,A|B|C|C,3.88,1.34,1.34,119.396,118.796,118.796
708,4,middle,90.2,C|A|A|A,2.82,1.483,1.41,118.866,117.456,117.26
709,4,middle,79.8,B|B|C|C,1.96,0,0,118.566,117.456,117.456
710,4,middle,79.8,B|C|C|A,3.18,0,0,119.236,117.456,117.456
711,4,middle,76.9,A|B|C|C,6.57,4.826,2.65,121.647,119.686,117.726
712,4,middle,65.1,C|C|C|A,5.63,1.854,1.854,119.426,117.456,117.456
713,4,middle,53.8,C|B|C|B,6.86,1.113,1.113,119.906,117.456,117.456
714,4,middle,96.1,A|C|C|C,3.79,1.83,1.83,121.247,119.286,119.286
715,4,middle,96.1,A|A|B|C,2.318,0,0,119.775,117.456,117.456
716,4,middle,57.7,A|A|C|C,3.63,1.04,1.04,118.806,118.496,118.496
717,4,middle,60.7,B|C|B|C,3.22,1.74,1.74,119.196,119.196,119.196
718,4,middle,79.8,B|C|C|C,2.96,2.973,1.1,119.316,119.316,117.213
719,4,middle,57.7,A|B|C|C,4.79,1.05,1.05,120.467,118.506,118.506
720,4,middle,38.5,A|B|B|C,10.15,1.95,1.95,121.367,119.406,119.406
721,4,middle,67.1,C|C|C|C,3.868,3.35,3.35,120.065,120.065,120.065
722,4,middle,82.3,C|C|A|C,2.8,1.483,1.39,118.866,117.456,117.455
723,4,middle,60.7,B|B|C|B,7.47,2.596,2.596,119.946,117.456,117.456
724,4,middle,76.9,A|B|A|B,4.34,0,0,119.626,117.456,117.456
725,4,middle,79.8,B|A|B|C,5.41,2.52,2.52,121.937,119.976,119.976
726,4,middle,57.7,A|B|B|C,4.17,1.854,1.55,119.006,117.456,117.19
727,4,middle,63.2,C|B|C|C,5.878,2.664,1.49,120.355,118.266,117.184
728,4,middle,67.1,C|A|A|C,4.56,2.596,1.16,119.156,117.456,117.17
729,4,middle,41.5,B|B|C|B,4.03,1.854,1.55,119.006,117.456,117.19
730,4,middle,76.9,A|A|A|C,3.05,0,0,120.166,117.456,117.456
731,4,middle,96.1,A|B|C|C,3.778,0,0,121.235,117.456,117.456
732,4,middle,57.7,A|B|C|C,8.78,1.24,1.24,120.657,118.696,118.696
733,4,middle,57.7,A|A|A|C,3.22,1.26,1.26,118.776,118.716,118.716
734,4,middle,57.7,A|B|B|A,3.37,0,0,119.386,117.456,117.456
735,4,late,99,B|C|C|C,1.57,1.23,1.23,119.026,118.686,118.686
736,4,late,111.3,C|C|C|C,1.64,1.64,1.64,119.096,119.096,119.096
737,4,late,101.5,C|C|C|C,1.55,1.55,1.55,119.006,119.006,119.006
738,4,late,99,B|C|C|C,1.84,0.87,0.87,119.296,118.326,118.326
739,4,late,101.5,C|C|C|C,3.55,3.55,3.55,121.007,121.007,121.007
740,4,late,100.3,B|C|C|C,3.12,1.16,0,120.577,118.616,117.43
741,4,late,99,B|C|C|C,4.138,1.78,1.78,121.595,119.236,119.236
742,4,late,100.3,B|B|C|C,1.58,1.58,1.58,119.036,119.036,119.036
743,4,late,107.4,C|C|C|C,1.18,1.18,1.18,118.636,118.636,118.636
744,4,late,103.5,C|C|C|C,0.93,0.93,0.93,118.386,118.386,118.386
745,4,late,105.5,C|C|C|C,4.129,4.129,4.129,121.585,121.585,121.585
746,4,late,113.3,C|C|C|C,4.458,4.458,4.458,121.915,121.915,121.915
747,4,late,99,B|B|B|C,2.25,0,0,119.706,117.456,117.456
748,4,late,105.5,C|C|C|C,5.301,5.301,5.301,122.757,122.757,122.757
749,4,late,111.3,C|C|C|C,0.87,0.87,0.87,118.326,118.326,118.326
750,4,late,96.4,A|B|C|C,0.98,0.6,0.6,118.436,118.056,118.056
751,4,late,99,B|C|C|C,2.348,2.348,2.348,119.805,119.805,119.805
752,4,late,109.4,C|C|C|C,1.6,1.6,1.6,119.056,119.056,119.056
753,4,late,99,B|C|C|C,1.89,1.89,1.89,119.346,119.346,119.346
754,4,late,109.4,C|C|C|C,1.248,1.248,1.248,118.705,118.705,118.705
755,4,late,103.5,C|C|C|C,1.53,1.53,1.53,118.986,118.986,118.986
756,4,late,101.5,C|C|C|C,1.67,1.67,1.67,119.126,119.126,119.126
757,4,late,113.3,C|C|C|C,0.91,0.91,0.91,118.366,118.366,118.366
758,4,late,113.3,C|C|C|C,1.16,1.16,1.16,118.616,118.616,118.616
759,4,late,101.5,C|C|C|C,1.94,1.94,1.94,119.396,119.396,119.396
760,4,late,96.1,A|B|C|C,1.22,1.22,1.22,118.676,118.676,118.676
761,4,late,115.4,C|C|C|C,0,0,0,117.456,117.456,117.456
762,4,late,116.8,C|C|C|C,0,0,0,117.456,117.456,117.456
763,4,late,114.2,C|C|C|C,0,0,0,117.456,117.456,117.456
764,4,late,105.5,C|C|C|C,2.709,2.709,2.709,120.165,120.165,120.165
765,4,late,96.1,A|C|C|C,1.94,1.94,1.94,119.396,119.396,119.396
766,4,late,99,B|B|B|C,1.24,0,0,118.696,117.456,117.456
767,4,late,99,B|C|C|C,2.92,0.69,0.69,120.377,118.146,118.146
768,4,late,113.3,C|C|C|C,1.728,1.728,1.728,119.185,119.185,119.185
769,4,late,101.5,C|C|C|C,2.48,2.48,2.48,119.936,119.936,119.936
770,4,late,113.3,C|C|C|C,1.56,1.56,1.56,119.016,119.016,119.016
771,4,late,105.5,C|C|C|C,3.71,3.71,3.71,121.167,121.167,121.167
772,4,late,99,B|B|C|C,4.21,2.25,2.25,121.667,119.706,119.706
773,4,late,109.4,C|C|C|C,2.97,2.97,2.97,120.427,120.427,120.427
774,4,late,116.1,C|C|C|C,0,0,0,117.456,117.456,117.456
775,4,late,109.4,C|C|C|C,3.848,3.848,3.848,121.305,121.305,121.305
776,4,late,109.4,C|C|C|C,1.13,1.13,1.13,118.586,118.586,118.586
777,4,late,115.5,C|C|C|C,0,0,0,117.456,117.456,117.456
778,4,late,99,B|C|C|C,1.31,0,0,118.766,117.456,117.456
779,4,late,113.3,C|C|C|C,2.658,2.658,2.658,120.115,120.115,120.115
780,4,late,116.8,C|C|C|C,0,0,0,117.456,117.456,117.456
781,4,late,105.5,C|C|C|C,2.23,2.23,2.23,119.686,119.686,119.686
782,4,late,99,B|B|C|C,1.03,1.03,1.03,118.486,118.486,118.486
783,4,late,109.4,C|C|C|C,2.68,2.68,2.68,120.136,120.136,120.136
784,4,late,101.5,C|C|C|C,1.96,1.96,1.96,119.416,119.416,119.416
785,4,late,109.4,C|C|C|C,1.21,1.21,1.21,118.666,118.666,118.666
786,4,late,114.8,C|C|C|C,0,0,0,117.456,117.456,117.456
787,4,late,96.1,A|B|B|C,4.17,2.21,2.21,121.627,119.666,119.666
788,4,late,113.3,C|C|C|C,1.34,1.34,1.34,118.796,118.796,118.796
789,4,late,113.5,C|C|C|C,0,0,0,117.456,117.456,117.456
790,4,late,113.3,C|C|C|C,0.48,0.48,0.48,117.936,117.936,117.936
791,4,late,105.5,C|C|C|C,1.32,1.32,1.32,118.776,118.776,118.776
792,4,late,113.3,C|C|C|C,0.99,0.99,0.99,118.446,118.446,118.446
793,4,late,111.3,C|C|C|C,1.52,1.52,1.52,118.976,118.976,118.976
794,4,late,113.4,C|C|C|C,0,0,0,117.456,117.456,117.456
795,4,late,111.3,C|C|C|C,2.51,2.51,2.51,119.966,119.966,119.966
796,4,late,105.5,C|C|C|C,0.8,0.8,0.8,118.256,118.256,118.256
797,4,late,113.3,C|C|C|C,3.458,3.458,3.458,120.915,120.915,120.915
798,4,late,107.4,C|C|C|C,1.57,1.57,1.57,119.026,119.026,119.026
799,4,late,100.3,B|C|C|C,1.69,1.29,1.29,119.146,118.746,118.746
800,4,late,100.3,B|C|C|C,1.74,1.74,1.74,119.196,119.196,119.196
801,5,early,26.7,C|A|B|A|C,4.35,1.553,1.553,118.326,117.896,117.896
802,5,early,21.6,A|B|B|C|A,13.701,1.113,0.78,120.197,117.456,117.372
803,5,early,19.3,A|C|B|A|C,6.8,1.673,1.673,119.376,118.016,118.016
804,5,early,15.4,C|B|C|C|C,9.98,4.238,1.12,119.276,118.356,117.407
805,5,early,7.6,C|B|B|A|A,15.77,1.854,1.854,121.471,117.456,117.456
806,5,early,19.3,A|B|A|A|C,8.53,0.74,0.74,120.157,118.196,118.196
807,5,early,38.5,A|A|B|C|C,10.701,1.854,1.6,121.017,117.456,117.294
808,5,early,22.3,B|A|B|C|C,4.58,1.04,1.04,118.496,118.496,118.496
809,5,early,17.4,C|A|C|C|C,17.562,4.956,4.956,121.777,119.816,119.816
810,5,early,19.3,A|A|C|A|C,9.288,1.854,1.854,119.715,117.456,117.456
811,5,early,19.3,A|C|A|B|B,8.39,1.113,1.113,119.486,117.456,117.456
812,5,early,19.3,A|A|B|C|B,4.64,0,0,118.456,117.456,117.456
813,5,early,24.8,C|B|A|B|B,10.794,2.225,1.92,120.57,117.456,117.243
814,5,early,19.3,A|B|A|B|C,12.41,1.09,1.09,120.507,118.546,118.546
815,5,early,5.6,C|A|A|C|C,7.8,2.225,1.963,118.926,117.456,117.285
816,5,early,5.6,C|C|A|B|C,12.04,4.45,1.82,119.696,117.456,117.242
817,5,early,21.6,A|B|B|B|C,9.26,2.54,2.54,121.957,119.996,119.996
818,5,early,22.3,B|C|B|A|C,9.65,2.462,0.42,119.386,119.176,117.307
819,5,early,19.3,A|A|A|C|C,10.2,2.591,0.559,121.637,119.676,117.736
820,5,early,15.4,C|A|B|A|B,10.64,1.854,1.854,119.316,117.456,117.456
821,5,early,19.3,A|B|C|A|A,6.12,0.742,0.742,118.726,117.456,117.456
822,5,early,24.8,C|C|B|B|B,9.75,2.225,1.95,119.406,117.456,117.311
823,5,early,19.3,A|B|C|B|B,9.45,2.225,1.99,119.386,117.456,117.456
824,5,early,19.3,A|B|C|C|C,19.64,5.423,5.423,122.985,121.025,121.025
825,5,early,17.4,C|C|B|B|C,19.352,4.709,4.709,120.867,118.086,118.086
826,5,early,22.3,B|B|C|C|C,6.55,3.024,1.55,119.006,118.626,117.244
827,5,early,22.3,B|A|C|C|C,3.57,1.93,1.93,119.386,119.386,119.386
828,5,early,19.3,A|C|A|C|C,12.91,1.852,1.852,120.655,118.566,118.566
829,5,early,22.3,B|B|A|C|C,6.549,0,0,120.765,117.456,117.456
830,5,early,19.3,A|A|B|C|C,5.36,0.79,0.79,118.756,118.246,118.246
831,5,early,30.7,C|C|C|C|C,6.17,5.208,2.982,119.326,119.326,117.464
832,5,early,15.4,C|C|A|C|C,10.24,4.45,4.116,119.316,117.456,117.214
833,5,early,13.4,C|B|C|B|C,16.332,4.114,4.114,121.677,119.716,119.716
834,5,early,24.8,C|A|C|B|B,5.98,1.854,1.602,120.306,117.456,117.295
835,5,early,2.4,A|A|C|A|A,16.387,1.113,1.113,121.822,117.456,117.456
836,5,early,24.8,C|C|A|B|B,17.102,4.079,4.079,121.207,117.456,117.456
837,5,early,3.1,B|A|C|C|C,15.12,1.4,1.4,119.976,118.856,118.856
838,5,early,19.3,A|C|B|C|B,7.77,0.742,0.38,119.286,117.456,117.418
839,5,early,38.5,A|B|B|C|C,5.05,2.3,2.3,119.756,119.756,119.756
840,5,early,22.3,B|C|A|C|C,11.17,0.81,0.81,120.227,118.266,118.266
841,5,early,30.7,C|A|B|B|C,7.13,2.112,2.112,119.396,118.826,118.826
842,5,early,19.3,A|B|A|A|B,12.1,0,0,119.876,117.456,117.456
843,5,early,24.8,C|C|B|B|C,7.6,3.084,1.52,118.976,118.686,117.214
844,5,early,3.1,B|A|A|B|C,13.45,2.04,2.04,121.457,119.496,119.496
845,5,early,38.5,A|B|B|B|C,10.44,0,0,120.066,117.456,117.456
846,5,early,19.3,A|C|A|B|C,5.62,1.211,1.211,119.186,118.296,118.296
847,5,early,23.5,B|B|A|B|C,4.99,0.5,0.5,119.917,117.956,117.956
848,5,early,22.3,B|A|B|C|C,7.78,3.634,1.818,119.246,119.236,117.484
849,5,early,22.3,B|A|A|B|C,11.151,1.854,1.81,121.227,117.456,117.45
850,5,early,22.3,B|B|B|C|C,10.15,0.742,0.59,119.486,117.456,117.342
851,5,early,22.3,B|A|C|C|C,6.84,1.47,1.47,119.116,118.926,118.926
852,5,early,5.6,C|B|C|A|C,9.24,1.882,1.882,120.187,118.226,118.226
853,5,early,19.3,A|B|C|C|C,7.67,2.674,2.674,119.286,118.276,118.276
854,5,early,22.3,B|A|B|C|B,6.38,1.854,1.69,119.146,117.456,117.384
855,5,early,22.3,B|B|B|C|A,6.81,0,0,120.076,117.456,117.456
856,5,early,20.4,A|C|B|A|B,5.14,1.113,1.113,118.496,117.456,117.456
857,5,early,17.4,C|B|B|A|B,5.1,1.113,1.113,118.306,117.456,117.456
858,5,early,38.5,A|A|B|B|A,8.26,0,0,119.846,117.456,117.456
859,5,early,24.8,C|A|A|B|C,8.165,1.113,0.77,119.448,117.456,117.205
860,5,early,19.3,A|A|C|C|C,7.15,3.353,1.428,119.326,119.326,117.475
861,5,early,30.7,C|A|C|C|C,6.23,3.255,1.943,118.776,118.486,117.44
862,5,early,3.1,B|C|C|C|A,10.38,3.338,3.338,119.186,117.456,117.456
863,5,early,19.3,A|B|A|C|C,10.278,0.99,0.99,120.505,118.446,118.446
864,5,early,23.5,B|B|B|C|C,15.472,2.967,1.55,120.967,117.456,117.244
865,5,early,20.4,A|B|A|C|C,16.083,1.113,0.82,121.495,117.456,117.255
866,5,early,28.7,C|B|B|B|C,4.83,1.483,1.162,118.646,117.456,117.172
867,5,early,19.3,A|A|B|A|A,7.68,0,0,119.576,117.456,117.456
868,5,middle,82.3,C|C|B|C|C,6.45,4.705,2.01,121.897,119.936,117.333
869,5,middle,57.7,A|B|C|C|C,6.92,3.55,3.55,121.007,121.007,121.007
870,5,middle,99,B|B|C|C|C,2.44,2.44,2.44,119.897,119.897,119.897
871,5,middle,65.1,C|C|C|C|B,7.23,6.946,2.415,120.046,117.456,117.17
872,5,middle,90.2,C|C|B|C|C,3.86,3.095,1.93,119.386,118.326,117.301
873,5,middle,55.7,C|C|C|C|C,5.44,5.51,2.403,119.056,118.516,117.355
874,5,middle,82.3,C|A|A|B|C,4.678,2.225,2.02,120.115,117.456,117.343
875,5,middle,79.8,B|C|C|C|C,2.838,3.101,0.85,119.445,119.445,117.285
876,5,middle,90.2,C|A|A|B|C,4.25,2.292,0.74,120.967,119.006,117.332
877,5,middle,69,C|A|A|B|C,4.88,2.042,2.042,120.717,118.756,118.756
878,5,middle,57.7,A|B|A|C|C,5.43,3.01,3.01,120.467,120.467,120.467
879,5,middle,60.7,B|C|B|C|C,8.47,1.23,1.23,120.647,118.686,118.686
880,5,middle,84.3,C|A|B|C|C,2.7,3.013,0.831,119.356,119.356,117.487
881,5,middle,57.7,A|A|B|B|B,6.568,0,0,121.344,117.456,117.456
882,5,middle,57.7,A|A|B|B|B,8.43,0,0,120.266,117.456,117.456
883,5,middle,60.7,B|B|C|B|C,5.85,0,0,120.787,117.456,117.456
884,5,middle,79.8,B|A|B|C|C,4.43,1.33,1.33,120.747,118.786,118.786
885,5,middle,82.3,C|A|B|C|C,6.24,4.526,2.81,121.347,119.386,117.916
886,5,middle,49.9,C|A|B|B|C,4.46,1.773,1.773,118.646,118.116,118.116
887,5,middle,82.3,C|A|A|C|C,5.95,4.266,2.32,121.087,119.126,117.272
888,5,middle,60.7,B|B|B|C|C,9.651,0.57,0.57,121.947,118.026,118.026
889,5,middle,41.5,B|C|B|B|C,7.37,3.293,3.293,119.636,119.636,119.636
890,5,middle,79.1,A|A|B|C|C,3.72,0.96,0.96,119.376,118.416,118.416
891,5,middle,45.9,C|C|C|C|A,8.5,5.327,4.354,119.956,117.456,117.248
892,5,middle,57.7,A|B|B|C|C,3.48,1.18,1.18,118.636,118.636,118.636
893,5,middle,60.7,B|C|C|C|C,4.98,1.862,1.862,119.116,118.576,118.576
894,5,middle,84.3,C|C|A|B|C,3.18,2.063,1.27,119.366,118.036,117.12
895,5,middle,82.3,C|A|B|C|C,2.858,2.891,1.08,119.235,119.235,117.301
896,5,middle,96.1,A|B|C|C|C,1.53,1.53,1.53,118.986,118.986,118.986
897,5,middle,47.9,C|A|A|B|B,6.92,1.483,1.13,119.626,117.456,117.195
898,5,middle,44,C|A|C|C|A,6.77,2.225,1.22,119.306,117.456,117.438
899,5,middle,76.9,A|B|B|C|C,5.478,1.5,1.5,120.917,118.956,118.956
900,5,middle,57.7,A|A|C|C|C,10.981,2.984,1.7,121.117,118.586,117.394
901,5,middle,88.2,C|C|A|B|C,6.861,5.505,3.43,120.887,118.746,117.405
902,5,middle,99,B|B|C|C|C,1.26,1.26,1.26,118.716,118.716,118.716
903,5,middle,76.9,A|C|C|C|C,1.7,1.02,1.02,118.476,118.476,118.476
904,5,middle,63.2,C|C|C|C|C,3.05,2.663,0.75,119.006,119.006,117.185
905,5,middle,81.1,B|B|B|B|C,2.42,0.36,0.36,118.836,117.816,117.816
906,5,middle,65.1,C|C|A|A|C,4.898,2.967,1.82,120.535,117.456,117.412
907,5,middle,53.8,C|A|A|C|C,7.668,1.483,1.483,121.135,117.456,117.456
908,5,middle,57.7,A|A|B|C|A,6.05,2.967,2.64,120.096,117.456,117.221
909,5,middle,60.7,B|A|B|C|C,5.43,1.09,1.09,119.266,118.546,118.546
910,5,middle,86.3,C|A|C|C|C,2.808,2.97,0.58,119.685,119.685,117.172
911,5,middle,78.7,A|B|C|A|C,2.77,1.302,0.6,118.896,118.016,117.454
912,5,middle,38.5,A|B|B|A|B,9.08,0,0,119.726,117.456,117.456
913,5,middle,61.9,B|B|A|C|C,4.42,0.34,0.34,119.246,117.796,117.796
914,5,middle,76.9,A|A|B|C|C,3.208,0.51,0.51,119.955,117.966,117.966
915,5,middle,38.5,A|B|C|A|C,8.3,2.54,2.54,119.996,119.996,119.996
916,5,middle,96.1,A|A|C|C|C,2.46,2.46,2.46,119.916,119.916,119.916
917,5,middle,38.5,A|C|A|A|C,7.64,3.975,2.224,119.366,119.206,117.77
918,5,middle,67.1,C|C|A|B|C,6.82,4.074,4.074,119.956,119.676,119.676
919,5,middle,41.5,B|C|A|B|A,10.8,0,0,120.156,117.456,117.456
920,5,middle,41.5,B|A|B|A|C,9.56,0.94,0.94,120.357,118.396,118.396
921,5,middle,82.3,C|C|C|A|A,6.741,5.463,3.37,120.827,117.456,117.37
922,5,middle,76.9,A|C|A|B|B,3.8,1.854,1.79,119.466,117.456,117.269
923,5,middle,65.1,C|A|B|C|C,1.08,2.003,0.89,118.536,118.346,118.346
924,5,middle,41.5,B|C|A|C|B,5.29,1.854,1.533,118.906,117.456,117.226
925,5,middle,82.3,C|C|A|C|C,5.529,3.674,2.524,120.495,118.535,117.49
926,5,middle,44,C|C|A|B|C,10.1,4.455,2.24,121.647,119.686,117.726
927,5,middle,96.1,A|A|C|C|C,4.68,4.68,4.68,122.137,122.137,122.137
928,5,middle,41.5,B|B|B|C|C,4.66,0.82,0.82,119.046,118.276,118.276
929,5,middle,57.7,A|C|A|A|C,3.69,1.543,0.82,119.506,117.886,117.255
930,5,middle,76.9,A|B|B|B|C,1.75,0,0,118.736,117.456,117.456
931,5,middle,53.8,C|C|B|B|A,11.522,2.967,2.967,120.337,117.456,117.456
932,5,middle,76.9,A|B|C|C|C,2.05,1.872,0.48,118.586,118.586,117.395
933,5,middle,57.7,A|A|C|B|C,6.2,2.225,2.18,119.636,117.456,117.449
934,5,middle,38.5,A|A|B|C|A,12.791,2.225,2,121.417,117.456,117.323
935,5,late,101.5,C|C|C|C|C,1.57,1.57,1.57,119.026,119.026,119.026
936,5,late,115.4,C|C|C|C|C,0,0,0,117.456,117.456,117.456
937,5,late,113.3,C|C|C|C|C,2.488,2.488,2.488,119.945,119.945,119.945
938,5,late,99,B|C|C|C|C,1.59,1.59,1.59,119.046,119.046,119.046
939,5,late,114.2,C|C|C|C|C,0,0,0,117.456,117.456,117.456
940,5,late,109.4,C|C|C|C|C,1.7,1.7,1.7,119.156,119.156,119.156
941,5,late,96.1,A|C|C|C|C,3.19,3.19,3.19,120.647,120.647,120.647
942,5,late,107.4,C|C|C|C|C,2.258,2.258,2.258,119.715,119.715,119.715
943,5,late,101.5,C|C|C|C|C,3.098,3.098,3.098,120.555,120.555,120.555
944,5,late,98.7,A|B|C|C|C,1.48,0.64,0.64,118.936,118.096,118.096
945,5,late,113.3,C|C|C|C|C,3.578,3.578,3.578,121.035,121.035,121.035
946,5,late,103.5,C|C|C|C|C,1.73,1.73,1.73,119.186,119.186,119.186
947,5,late,113.3,C|C|C|C|C,2.23,2.23,2.23,119.686,119.686,119.686
948,5,late,111.3,C|C|C|C|C,2.15,2.15,2.15,119.606,119.606,119.606
949,5,late,107.4,C|C|C|C|C,1.29,1.29,1.29,118.746,118.746,118.746
950,5,late,107.4,C|C|C|C|C,2.408,2.408,2.408,119.865,119.865,119.865
951,5,late,105.5,C|C|C|C|C,2.458,2.458,2.458,119.915,119.915,119.915
952,5,late,111.3,C|C|C|C|C,1.09,1.09,1.09,118.546,118.546,118.546
953,5,late,96.1,A|C|C|C|C,3.34,3.34,3.34,120.797,120.797,120.797
954,5,late,105.5,C|C|C|C|C,2.24,2.24,2.24,119.696,119.696,119.696
955,5,late,105.5,C|C|C|C|C,2.49,2.49,2.49,119.946,119.946,119.946
956,5,late,107.4,C|C|C|C|C,2.41,2.41,2.41,119.866,119.866,119.866
957,5,late,103.5,C|C|C|C|C,2.438,2.438,2.438,119.895,119.895,119.895
958,5,late,113.3,C|C|C|C|C,1.75,1.75,1.75,119.206,119.206,119.206
959,5,late,103.5,C|C|C|C|C,2.878,2.878,2.878,120.335,120.335,120.335
960,5,late,101.5,C|C|C|C|C,2.04,2.04,2.04,119.496,119.496,119.496
961,5,late,103.5,C|C|C|C|C,2.55,2.55,2.55,120.006,120.006,120.006
962,5,late,115.5,C|C|C|C|C,0,0,0,117.456,117.456,117.456
963,5,late,101.5,C|C|C|C|C,1.4,1.4,1.4,118.856,118.856,118.856
964,5,late,113.3,C|C|C|C|C,2.19,2.19,2.19,119.646,119.646,119.646
965,5,late,92.1,C|B|C|C|C,6.15,4.385,2.23,121.577,119.616,117.656
966,5,late,101.5,C|C|C|C|C,1.92,1.92,1.92,119.376,119.376,119.376
967,5,late,96.1,A|C|C|C|C,2.328,2.328,2.328,119.785,119.785,119.785
968,5,late,96.1,A|B|C|C|C,1.74,1.74,1.74,119.196,119.196,119.196
969,5,late,111.3,C|C|C|C|C,1.63,1.63,1.63,119.086,119.086,119.086
970,5,late,92.1,C|C|C|C|C,1.83,1.962,0.61,118.676,118.676,117.416
971,5,late,97.5,A|C|C|C|C,1.44,1.44,1.44,118.896,118.896,118.896
972,5,late,101.5,C|C|C|C|C,2.17,2.17,2.17,119.626,119.626,119.626
973,5,late,101.5,C|C|C|C|C,2.22,2.22,2.22,119.676,119.676,119.676
974,5,late,109.4,C|C|C|C|C,1.26,1.26,1.26,118.716,118.716,118.716
975,5,late,99,B|C|C|C|C,2.86,0.9,0.9,120.316,118.356,118.356
976,5,late,113.9,C|C|C|C|C,0,0,0,117.456,117.456,117.456
977,5,late,96.1,A|C|C|C|C,4.088,4.088,4.088,121.545,121.545,121.545
978,5,late,99,B|C|C|C|C,1.16,1.028,1.028,118.616,118.485,118.485
979,5,late,99,B|C|C|C|C,2.21,2.21,2.21,119.666,119.666,119.666
980,5,late,96.1,A|B|C|C|C,1.38,1.38,1.38,118.836,118.836,118.836
981,5,late,94.1,C|C|C|C|C,2.41,2.583,0.94,118.926,118.926,117.375
982,5,late,101.5,C|C|C|C|C,1.7,1.7,1.7,119.156,119.156,119.156
983,5,late,107.4,C|C|C|C|C,1.72,1.72,1.72,119.176,119.176,119.176
984,5,late,107.4,C|C|C|C|C,4.878,4.878,4.878,122.335,122.335,122.335
985,5,late,107.4,C|C|C|C|C,2.6,2.6,2.6,120.057,120.057,120.057
986,5,late,101.5,C|C|C|C|C,1.32,1.32,1.32,118.776,118.776,118.776
987,5,late,114.6,C|C|C|C|C,0,0,0,117.456,117.456,117.456
988,5,late,111.3,C|C|C|C|C,0.61,0.61,0.61,118.066,118.066,118.066
989,5,late,116.7,C|C|C|C|C,0,0,0,117.456,117.456,117.456
990,5,late,109.4,C|C|C|C|C,2.648,2.648,2.648,120.105,120.105,120.105
991,5,late,103.5,C|C|C|C|C,2.64,2.64,2.64,120.096,120.096,120.096
992,5,late,96.1,A|B|C|C|C,2.77,0.81,0.81,120.227,118.266,118.266
993,5,late,107.4,C|C|C|C|C,2.518,2.518,2.518,119.975,119.975,119.975
994,5,late,96.1,A|A|C|C|C,2.98,2.98,2.98,120.437,120.437,120.437
995,5,late,105.5,C|C|C|C|C,1.69,1.69,1.69,119.146,119.146,119.146
996,5,late,101.5,C|C|C|C|C,3.258,3.258,3.258,120.715,120.715,120.715
997,5,late,103.5,C|C|C|C|C,1.31,1.31,1.31,118.766,118.766,118.766
998,5,late,116.2,C|C|C|C|C,0,0,0,117.456,117.456,117.456
999,5,late,99,B|C|C|C|C,1.46,1.39,1.39,118.916,118.846,118.846
1000,5,late,111.3,C|C|C|C|C,1.79,1.79,1.79,119.246,119.246,119.246
