run,k_stoppages,timing_band,first_start_day,passive_tardiness,model1_tardiness,model2_tardiness
1,1,early,10.4,3.48,3.48,0.58
2,1,early,19.9,2.35,2.35,0.0
3,1,early,16.5,5.46,5.46,0.91
4,1,early,2.7,6.96,6.96,0.733
5,1,early,2.1,6.18,6.18,0.224
6,1,early,3.0,3.0,3.0,0.01
7,1,early,13.3,11.46,11.46,5.991
8,1,early,4.6,4.14,4.14,0.69
9,1,early,19.2,14.4,14.4,8.931
10,1,early,17.7,5.76,5.76,0.96
11,1,early,29.3,2.15,2.15,0.43
12,1,early,25.9,3.95,3.95,0.79
13,1,early,5.2,3.24,3.24,0.54
14,1,early,9.9,11.28,11.28,5.811
15,1,early,6.2,7.8,7.8,2.331
16,1,early,19.5,4.6,4.6,0.0
17,1,early,16.9,2.76,2.76,0.46
18,1,early,2.7,3.96,3.96,0.0
19,1,early,20.7,5.1,5.1,0.118
20,1,early,10.1,7.86,7.86,2.439
21,1,early,14.1,4.86,4.86,0.81
22,1,early,24.0,7.8,7.8,3.425
23,1,early,8.1,7.74,7.74,2.271
24,1,early,16.2,12.42,12.42,6.951
25,1,early,22.2,3.95,3.95,0.3
26,1,early,29.4,2.7,2.7,0.54
27,1,early,13.1,10.26,10.26,4.791
28,1,early,5.4,6.78,6.78,1.311
29,1,early,2.1,8.94,8.94,2.665
30,1,early,23.2,6.45,6.45,1.742
31,1,early,26.4,4.15,4.15,0.83
32,1,early,21.2,6.65,6.65,1.469
33,1,early,17.8,6.42,6.42,1.07
34,1,early,25.4,11.9,11.9,7.525
35,1,early,14.7,8.88,8.88,3.411
36,1,early,2.8,9.42,9.42,3.51
37,1,early,19.8,13.9,13.9,8.527
38,1,early,24.8,3.9,3.9,0.78
39,1,early,12.2,8.94,8.94,3.519
40,1,early,1.7,6.48,6.48,0.226
41,1,early,5.9,3.24,3.24,0.54
42,1,early,2.7,10.44,10.44,4.434
43,1,early,4.8,4.38,4.38,0.73
44,1,early,12.3,12.36,12.36,6.891
45,1,early,3.3,6.3,6.3,0.717
46,1,early,16.9,12.6,12.6,7.131
47,1,early,24.8,10.15,10.15,5.775
48,1,early,9.1,6.0,6.0,1.0
49,1,early,11.4,12.66,12.66,7.239
50,1,early,28.8,2.9,2.9,0.58
51,1,early,6.1,4.2,4.2,0.7
52,1,early,7.8,6.72,6.72,1.251
53,1,early,18.1,4.5,4.5,0.75
54,1,early,1.1,6.0,6.0,0.05
55,1,early,11.7,7.62,7.62,2.151
56,1,early,28.6,7.7,7.7,3.325
57,1,early,15.9,8.28,8.28,2.811
58,1,early,20.6,2.2,2.2,0.0
59,1,early,27.1,8.85,8.85,4.475
60,1,early,26.4,9.1,9.1,4.725
61,1,early,12.4,5.82,5.82,0.97
62,1,early,4.0,8.46,8.46,2.658
63,1,early,2.8,2.82,2.82,0.0
64,1,early,7.1,3.6,3.6,0.6
65,1,early,10.9,2.64,2.64,0.44
66,1,early,1.0,3.48,3.48,0.0
67,1,early,3.9,5.46,5.46,0.577
68,1,middle,36.0,7.35,7.35,2.975
69,1,middle,84.7,3.56,3.56,2.466
70,1,middle,75.3,3.33,3.33,1.142
71,1,middle,41.5,7.2,7.2,3.585
72,1,middle,50.6,7.32,7.32,4.039
73,1,middle,88.3,1.92,1.92,0.96
74,1,middle,54.7,9.6,9.6,6.319
75,1,middle,73.8,1.83,1.83,0.61
76,1,middle,38.5,2.9,2.9,0.58
77,1,middle,84.4,3.7,3.7,2.606
78,1,middle,39.6,7.64,7.64,3.409
79,1,middle,88.8,2.92,2.92,1.826
80,1,middle,51.7,4.96,4.96,1.679
81,1,middle,38.7,1.4,1.4,0.0
82,1,middle,88.3,2.9,2.9,1.806
83,1,middle,62.1,6.96,6.96,4.773
84,1,middle,56.6,8.24,8.24,4.959
85,1,middle,79.7,1.34,1.34,0.18
86,1,middle,45.9,3.2,3.2,0.8
87,1,middle,45.2,5.24,5.24,1.959
88,1,middle,46.3,4.0,4.0,1.0
89,1,middle,38.7,8.84,8.84,4.513
90,1,middle,51.9,4.28,4.28,1.07
91,1,middle,65.4,6.57,6.57,4.382
92,1,middle,55.8,9.0,9.0,5.719
93,1,middle,60.6,3.63,3.63,0.953
94,1,middle,61.9,1.08,1.08,0.027
95,1,middle,57.0,2.52,2.52,0.63
96,1,middle,31.2,9.1,9.1,4.725
97,1,middle,41.2,4.4,4.4,0.629
98,1,middle,73.8,3.75,3.75,1.562
99,1,middle,50.2,4.72,4.72,1.439
100,1,middle,63.8,5.34,5.34,3.152
101,1,middle,37.3,6.3,6.3,1.925
102,1,middle,45.7,3.08,3.08,0.77
103,1,middle,76.6,3.48,3.48,1.292
104,1,middle,64.1,5.16,5.16,2.973
105,1,middle,84.8,2.08,2.08,1.04
106,1,middle,67.1,3.48,3.48,1.293
107,1,middle,61.2,4.65,4.65,2.129
108,1,middle,57.7,3.63,3.63,0.397
109,1,middle,59.2,7.11,7.11,4.068
110,1,middle,72.3,6.24,6.24,4.052
111,1,middle,86.6,1.48,1.48,0.74
112,1,middle,64.0,7.14,7.14,4.952
113,1,middle,80.6,1.12,1.12,0.227
114,1,middle,38.2,5.2,5.2,1.04
115,1,middle,35.3,3.6,3.6,0.72
116,1,middle,35.3,7.45,7.45,3.075
117,1,middle,77.3,4.32,4.32,2.228
118,1,middle,40.1,6.4,6.4,2.265
119,1,middle,70.0,1.71,1.71,0.57
120,1,middle,83.1,5.06,5.06,3.966
121,1,middle,44.0,9.72,9.72,6.439
122,1,middle,54.5,4.48,4.48,1.199
123,1,middle,89.4,3.86,3.86,2.766
124,1,middle,40.5,4.08,4.08,0.214
125,1,middle,61.4,2.61,2.61,0.537
126,1,middle,42.5,3.36,3.36,0.507
127,1,middle,73.6,1.11,1.11,0.37
128,1,middle,63.7,3.12,3.12,1.04
129,1,middle,32.1,4.3,4.3,0.86
130,1,middle,67.8,3.51,3.51,1.323
131,1,middle,34.8,13.4,13.4,9.025
132,1,middle,77.5,5.12,5.12,3.028
133,1,middle,37.2,3.75,3.75,0.75
134,1,middle,33.3,8.85,8.85,4.475
135,1,late,98.0,0.55,0.55,0.0
136,1,late,104.7,0.71,0.71,0.71
137,1,late,93.8,1.2,1.2,0.6
138,1,late,92.3,1.32,1.32,0.66
139,1,late,99.1,0.81,0.81,0.477
140,1,late,110.7,0.79,0.79,0.79
141,1,late,104.0,0.62,0.62,0.62
142,1,late,100.0,0.36,0.36,0.027
143,1,late,97.5,0.35,0.35,0.0
144,1,late,110.1,1.24,1.24,1.24
145,1,late,95.9,2.2,2.2,1.106
146,1,late,115.3,0.0,0.0,0.0
147,1,late,112.3,1.02,1.02,1.02
148,1,late,103.9,1.93,1.93,1.93
149,1,late,101.2,1.16,1.16,1.16
150,1,late,108.9,2.65,2.65,2.65
151,1,late,99.9,1.93,1.93,1.597
152,1,late,109.4,1.42,1.42,1.42
153,1,late,101.5,0.88,0.88,0.88
154,1,late,92.4,1.1,1.1,0.55
155,1,late,92.8,0.98,0.98,0.49
156,1,late,109.4,2.08,2.08,2.08
157,1,late,95.9,0.88,0.88,0.44
158,1,late,112.1,0.59,0.59,0.59
159,1,late,112.9,0.51,0.51,0.51
160,1,late,99.8,1.34,1.34,1.007
161,1,late,113.2,0.37,0.37,0.37
162,1,late,105.9,0.46,0.46,0.46
163,1,late,96.1,0.63,0.63,0.0
164,1,late,116.6,0.0,0.0,0.0
165,1,late,114.8,0.57,0.57,0.57
166,1,late,105.2,1.86,1.86,1.86
167,1,late,103.9,1.35,1.35,1.35
168,1,late,97.4,0.99,0.99,0.088
169,1,late,105.8,0.86,0.86,0.86
170,1,late,103.9,0.78,0.78,0.78
171,1,late,98.9,1.11,1.11,0.62
172,1,late,112.7,0.95,0.95,0.95
173,1,late,92.8,1.04,1.04,0.52
174,1,late,94.5,0.92,0.92,0.46
175,1,late,114.0,0.59,0.59,0.59
176,1,late,112.3,2.04,2.04,2.04
177,1,late,93.6,1.54,1.54,0.77
178,1,late,116.4,0.0,0.0,0.0
179,1,late,95.1,1.16,1.16,0.58
180,1,late,93.3,1.52,1.52,0.76
181,1,late,116.8,0.0,0.0,0.0
182,1,late,98.4,1.07,1.07,0.312
183,1,late,91.3,1.74,1.74,0.87
184,1,late,115.0,1.58,1.58,1.58
185,1,late,96.3,1.89,1.89,0.844
186,1,late,91.7,0.7,0.7,0.35
187,1,late,100.2,0.63,0.63,0.297
188,1,late,107.0,2.31,2.31,2.31
189,1,late,97.4,2.29,2.29,1.388
190,1,late,110.2,0.83,0.83,0.83
191,1,late,107.0,0.94,0.94,0.94
192,1,late,107.4,1.58,1.58,1.58
193,1,late,103.2,0.92,0.92,0.92
194,1,late,108.9,2.84,2.84,2.84
195,1,late,92.5,2.58,2.58,1.486
196,1,late,115.6,0.0,0.0,0.0
197,1,late,97.2,0.72,0.72,0.0
198,1,late,102.6,0.47,0.47,0.47
199,1,late,104.3,1.79,1.79,1.79
200,1,late,110.6,1.47,1.47,1.47
201,2,early,3.1,5.64,5.64,1.078
202,2,early,3.5,13.86,13.86,8.058
203,2,early,9.2,10.15,10.15,4.969
204,2,early,5.6,14.46,14.46,9.635
205,2,early,29.2,11.13,11.13,7.154
206,2,early,10.0,5.44,5.44,1.385
207,2,early,14.8,7.41,7.41,3.0
208,2,early,1.1,7.85,7.85,2.433
209,2,early,2.2,9.06,9.06,2.785
210,2,early,18.0,14.55,14.55,9.081
211,2,early,21.8,5.6,5.6,0.946
212,2,early,29.6,13.82,13.82,9.445
213,2,early,2.3,15.64,15.64,8.669
214,2,early,22.3,4.04,4.04,0.999
215,2,early,15.6,12.95,12.95,7.481
216,2,early,17.9,10.67,10.67,5.201
217,2,early,7.7,8.76,8.76,3.291
218,2,early,4.0,8.96,8.96,3.206
219,2,early,19.2,7.38,7.38,1.911
220,2,early,24.1,8.17,8.17,3.724
221,2,early,20.1,11.9,11.9,6.575
222,2,early,3.2,13.14,13.14,7.338
223,2,early,22.5,6.59,6.59,1.811
224,2,early,14.9,13.14,13.14,7.671
225,2,early,19.6,6.6,6.6,1.623
226,2,early,22.6,7.76,7.76,3.052
227,2,early,2.8,16.75,16.75,10.948
228,2,early,20.6,10.22,10.22,4.943
229,2,early,14.5,16.09,16.09,10.621
230,2,early,29.4,2.87,2.87,1.296
231,2,early,24.8,6.01,6.01,1.6
232,2,early,7.1,5.32,5.32,1.942
233,2,early,5.1,16.26,16.26,10.791
234,2,early,24.8,15.31,15.31,10.935
235,2,early,7.7,7.1,7.1,1.631
236,2,early,1.1,9.6,9.6,3.24
237,2,early,5.1,12.78,12.78,7.623
238,2,early,1.1,12.78,12.78,6.361
239,2,early,27.9,12.48,12.48,8.105
240,2,early,11.8,22.74,22.74,17.271
241,2,early,11.5,6.34,6.34,1.124
242,2,early,3.9,7.01,7.01,2.463
243,2,early,8.2,10.22,10.22,4.68
244,2,early,11.8,14.52,14.52,8.837
245,2,early,19.3,15.4,15.4,9.931
246,2,early,21.9,13.5,13.5,8.367
247,2,early,22.8,4.76,4.76,0.919
248,2,early,27.9,9.9,9.9,5.525
249,2,early,9.6,17.08,17.08,11.611
250,2,early,20.0,10.14,10.14,4.767
251,2,early,5.9,15.02,15.02,9.791
252,2,early,15.4,27.4,27.4,21.813
253,2,early,14.0,6.34,6.34,1.315
254,2,early,10.9,7.96,7.96,2.587
255,2,early,17.5,11.13,11.13,5.661
256,2,early,13.0,8.19,8.19,3.145
257,2,early,2.8,17.93,17.93,11.972
258,2,early,15.6,13.54,13.54,8.071
259,2,early,8.9,11.07,11.07,5.53
260,2,early,28.7,10.72,10.72,6.345
261,2,early,1.9,15.1,15.1,8.777
262,2,early,18.0,13.74,13.74,8.271
263,2,early,24.9,13.53,13.53,9.155
264,2,early,4.2,14.74,14.74,8.938
265,2,early,28.3,10.66,10.66,6.023
266,2,early,14.3,7.8,7.8,4.299
267,2,early,7.7,9.45,9.45,3.981
268,2,middle,79.5,3.57,3.57,1.987
269,2,middle,49.9,8.56,8.56,5.112
270,2,middle,42.6,3.38,3.38,0.493
271,2,middle,33.0,9.51,9.51,5.67
272,2,middle,83.1,1.5,1.5,0.75
273,2,middle,36.7,11.1,11.1,6.702
274,2,middle,44.8,10.02,10.02,6.572
275,2,middle,75.1,4.98,4.98,2.793
276,2,middle,80.6,4.38,4.38,2.953
277,2,middle,74.5,3.63,3.63,1.743
278,2,middle,40.0,6.05,6.05,1.915
279,2,middle,54.4,4.64,4.64,1.359
280,2,middle,78.7,6.02,6.02,4.072
281,2,middle,59.0,8.08,8.08,4.99
282,2,middle,33.4,5.26,5.26,0.799
283,2,middle,88.4,5.54,5.54,4.446
284,2,middle,82.1,3.24,3.24,2.194
285,2,middle,86.8,5.42,5.42,4.326
286,2,middle,43.8,4.26,4.26,1.47
287,2,middle,46.0,7.12,7.12,3.839
288,2,middle,31.7,9.44,9.44,5.065
289,2,middle,49.4,10.96,10.96,7.679
290,2,middle,34.7,9.76,9.76,5.385
291,2,middle,68.7,6.45,6.45,4.262
292,2,middle,55.2,10.57,10.57,7.528
293,2,middle,49.4,5.6,5.6,2.704
294,2,middle,82.0,1.82,1.82,0.91
295,2,middle,74.0,5.29,5.29,3.703
296,2,middle,56.0,6.02,6.02,3.062
297,2,middle,58.2,4.77,4.77,2.093
298,2,middle,68.8,2.89,2.89,1.788
299,2,middle,52.9,3.88,3.88,1.617
300,2,middle,61.7,2.69,2.69,1.235
301,2,middle,78.5,1.85,1.85,0.0
302,2,middle,86.6,2.66,2.66,1.126
303,2,middle,85.6,7.14,7.14,6.046
304,2,middle,79.6,4.96,4.96,3.377
305,2,middle,54.9,8.31,8.31,5.029
306,2,middle,43.9,7.54,7.54,4.044
307,2,middle,38.3,16.74,16.74,11.669
308,2,middle,33.4,9.37,9.37,4.995
309,2,middle,80.5,5.16,5.16,3.733
310,2,middle,68.0,5.62,5.62,3.48
311,2,middle,56.1,6.26,6.26,3.048
312,2,middle,32.4,7.07,7.07,2.695
313,2,middle,76.1,3.84,3.84,1.676
314,2,middle,58.9,4.71,4.71,1.716
315,2,middle,36.4,7.06,7.06,2.685
316,2,middle,68.5,10.23,10.23,8.043
317,2,middle,61.2,6.24,6.24,3.719
318,2,middle,87.1,9.7,9.7,8.606
319,2,middle,74.2,4.6,4.6,3.204
320,2,middle,60.0,7.32,7.32,4.255
321,2,middle,77.5,1.81,1.81,0.856
322,2,middle,75.6,8.02,8.02,5.832
323,2,middle,79.1,6.82,6.82,4.92
324,2,middle,43.3,7.16,7.16,3.879
325,2,middle,33.2,12.36,12.36,8.441
326,2,middle,71.1,3.61,3.61,2.302
327,2,middle,37.8,8.9,8.9,4.525
328,2,middle,82.5,4.7,4.7,3.606
329,2,middle,37.2,7.96,7.96,2.889
330,2,middle,78.1,8.08,8.08,6.084
331,2,middle,52.3,4.78,4.78,1.654
332,2,middle,74.9,7.86,7.86,5.673
333,2,middle,68.7,5.41,5.41,2.527
334,2,middle,49.4,3.12,3.12,0.78
335,2,late,112.1,1.63,1.63,1.63
336,2,late,92.3,5.16,5.16,3.947
337,2,late,91.2,4.44,4.44,3.084
338,2,late,110.3,1.21,1.21,1.21
339,2,late,97.0,2.49,2.49,1.54
340,2,late,109.1,2.34,2.34,2.34
341,2,late,105.4,2.98,2.98,2.98
342,2,late,97.9,3.19,3.19,2.336
343,2,late,113.9,0.75,0.75,0.75
344,2,late,110.3,2.53,2.53,2.53
345,2,late,113.9,2.91,2.91,2.91
346,2,late,107.4,4.1,4.1,4.1
347,2,late,103.2,3.57,3.57,3.57
348,2,late,102.4,2.1,2.1,2.1
349,2,late,96.5,2.7,2.7,1.702
350,2,late,94.8,5.64,5.64,4.546
351,2,late,100.0,0.81,0.81,0.477
352,2,late,109.0,3.21,3.21,3.21
353,2,late,92.7,3.7,3.7,2.654
354,2,late,112.3,0.46,0.46,0.46
355,2,late,100.6,1.5,1.5,1.5
356,2,late,101.6,0.51,0.51,0.51
357,2,late,109.9,2.44,2.44,2.44
358,2,late,104.3,3.1,3.1,3.1
359,2,late,112.5,2.32,2.32,2.32
360,2,late,114.2,2.49,2.49,2.49
361,2,late,100.2,2.6,2.6,2.267
362,2,late,110.1,2.15,2.15,2.15
363,2,late,113.8,2.79,2.79,2.79
364,2,late,115.2,1.83,1.83,1.83
365,2,late,95.9,4.5,4.5,3.406
366,2,late,95.5,5.12,5.12,4.026
367,2,late,93.0,2.81,2.81,1.812
368,2,late,116.6,0.0,0.0,0.0
369,2,late,114.6,1.82,1.82,1.82
370,2,late,115.9,0.0,0.0,0.0
371,2,late,107.4,1.51,1.51,1.51
372,2,late,107.6,1.94,1.94,1.94
373,2,late,94.0,2.65,2.65,1.556
374,2,late,114.1,1.43,1.43,1.43
375,2,late,107.4,3.63,3.63,3.63
376,2,late,99.5,1.78,1.78,1.447
377,2,late,97.1,1.74,1.74,0.79
378,2,late,97.7,2.7,2.7,1.846
379,2,late,91.7,3.85,3.85,2.756
380,2,late,101.8,2.03,2.03,2.03
381,2,late,113.2,2.04,2.04,2.04
382,2,late,106.8,2.65,2.65,2.65
383,2,late,114.6,2.85,2.85,2.85
384,2,late,100.0,3.15,3.15,2.35
385,2,late,98.0,3.92,3.92,2.803
386,2,late,115.4,0.0,0.0,0.0
387,2,late,102.2,3.25,3.25,3.25
388,2,late,99.4,2.42,2.42,2.087
389,2,late,95.4,4.27,4.27,3.176
390,2,late,101.0,3.1,3.1,3.1
391,2,late,91.9,6.26,6.26,4.856
392,2,late,115.1,3.68,3.68,3.68
393,2,late,104.2,2.51,2.51,2.51
394,2,late,98.1,3.3,3.3,2.494
395,2,late,97.4,1.87,1.87,0.968
396,2,late,112.1,4.0,4.0,4.0
397,2,late,110.1,2.27,2.27,2.27
398,2,late,107.9,2.61,2.61,2.61
399,2,late,108.0,2.7,2.7,2.7
400,2,late,103.7,3.7,3.7,3.7
401,3,early,27.5,6.35,6.35,1.808
402,3,early,25.6,13.11,13.11,8.735
403,3,early,3.9,11.02,11.02,5.218
404,3,early,1.6,18.4,18.4,12.029
405,3,early,29.0,9.09,9.09,4.5
406,3,early,13.7,15.72,15.72,9.989
407,3,early,26.0,5.11,5.11,1.442
408,3,early,23.1,9.47,9.47,4.691
409,3,early,6.4,21.66,21.66,16.191
410,3,early,9.2,12.33,12.33,6.861
411,3,early,3.3,15.34,15.34,9.538
412,3,early,12.6,11.8,11.8,7.331
413,3,early,7.0,13.66,13.66,8.025
414,3,early,7.8,21.32,21.32,15.828
415,3,early,11.1,25.84,25.84,20.371
416,3,early,5.9,12.16,12.16,6.573
417,3,early,26.7,18.17,18.17,13.891
418,3,early,5.5,14.05,14.05,8.773
419,3,early,10.5,14.87,14.87,9.33
420,3,early,3.9,18.49,18.49,12.569
421,3,early,6.7,10.86,10.86,4.991
422,3,early,12.6,11.88,11.88,6.388
423,3,early,5.1,21.88,21.88,16.411
424,3,early,17.6,13.24,13.24,8.703
425,3,early,23.4,11.52,11.52,6.812
426,3,early,10.1,19.7,19.7,14.208
427,3,early,19.3,14.86,14.86,9.425
428,3,early,20.6,17.1,17.1,11.656
429,3,early,15.2,12.76,12.76,7.125
430,3,early,28.3,17.38,17.38,12.743
431,3,early,15.9,11.52,11.52,6.051
432,3,early,7.1,17.82,17.82,12.351
433,3,early,11.3,11.92,11.92,6.451
434,3,early,13.2,10.6,10.6,5.763
435,3,early,28.3,15.0,15.0,10.41
436,3,early,4.7,13.16,13.16,7.573
437,3,early,7.6,17.92,17.92,12.451
438,3,early,14.6,13.69,13.69,9.017
439,3,early,25.7,9.58,9.58,5.553
440,3,early,1.1,10.59,10.59,4.737
441,3,early,13.4,14.06,14.06,9.238
442,3,early,2.7,13.74,13.74,7.538
443,3,early,19.4,12.8,12.8,7.379
444,3,early,3.9,18.79,18.79,12.521
445,3,early,27.2,19.63,19.63,15.232
446,3,early,20.4,12.6,12.6,7.252
447,3,early,16.4,17.85,17.85,12.381
448,3,early,7.8,9.86,9.86,4.883
449,3,early,15.2,18.99,18.99,13.521
450,3,early,14.6,16.49,16.49,11.021
451,3,early,28.9,11.77,11.77,7.395
452,3,early,20.8,19.05,19.05,13.773
453,3,early,27.0,15.34,15.34,10.965
454,3,early,11.6,15.54,15.54,10.071
455,3,early,13.2,11.51,11.51,6.881
456,3,early,15.6,26.78,26.78,21.311
457,3,early,10.6,20.66,20.66,15.191
458,3,early,2.2,9.05,9.05,2.775
459,3,early,1.2,17.31,17.31,10.891
460,3,early,27.4,10.66,10.66,6.285
461,3,early,20.7,13.25,13.25,7.973
462,3,early,6.3,23.98,23.98,18.511
463,3,early,24.9,8.15,8.15,3.41
464,3,early,10.2,19.58,19.58,13.201
465,3,early,2.1,23.34,23.34,16.898
466,3,early,1.4,27.96,27.96,21.589
467,3,early,13.0,7.67,7.67,2.441
468,3,middle,71.0,5.32,5.32,3.264
469,3,middle,44.0,10.14,10.14,6.859
470,3,middle,36.7,8.93,8.93,4.555
471,3,middle,79.6,2.28,2.28,0.697
472,3,middle,73.1,9.66,9.66,7.402
473,3,middle,40.2,6.4,6.4,2.36
474,3,middle,49.8,14.43,14.43,11.149
475,3,middle,70.4,5.14,5.14,2.738
476,3,middle,52.5,10.41,10.41,7.106
477,3,middle,83.9,7.19,7.19,6.096
478,3,middle,78.6,6.84,6.84,5.096
479,3,middle,42.0,7.13,7.13,3.863
480,3,middle,41.6,4.06,4.06,0.866
481,3,middle,66.9,7.88,7.88,6.04
482,3,middle,78.9,5.18,5.18,3.328
483,3,middle,73.6,10.49,10.49,8.302
484,3,middle,60.1,9.63,9.63,6.684
485,3,middle,42.0,6.49,6.49,3.271
486,3,middle,31.3,12.32,12.32,7.826
487,3,middle,79.2,6.75,6.75,4.898
488,3,middle,34.6,8.07,8.07,3.528
489,3,middle,62.7,4.48,4.48,2.27
490,3,middle,45.8,8.93,8.93,5.649
491,3,middle,32.0,10.13,10.13,5.755
492,3,middle,82.3,4.49,4.49,3.396
493,3,middle,47.5,13.58,13.58,10.228
494,3,middle,39.7,10.9,10.9,7.49
495,3,middle,53.9,9.04,9.04,5.759
496,3,middle,76.8,9.92,9.92,7.876
497,3,middle,78.5,5.58,5.58,3.465
498,3,middle,87.5,5.75,5.75,4.585
499,3,middle,62.3,5.7,5.7,3.513
500,3,middle,88.2,6.78,6.78,5.568
501,3,middle,83.2,5.29,5.29,4.196
502,3,middle,63.0,5.58,5.58,2.53
503,3,middle,87.1,6.54,6.54,5.446
504,3,middle,87.4,5.16,5.16,4.066
505,3,middle,38.3,10.22,10.22,5.941
506,3,middle,36.2,10.81,10.81,6.435
507,3,middle,42.9,11.25,11.25,7.731
508,3,middle,49.3,11.43,11.43,8.149
509,3,middle,31.7,8.43,8.43,4.487
510,3,middle,47.8,9.23,9.23,5.926
511,3,middle,82.4,7.28,7.28,6.186
512,3,middle,37.4,11.53,11.53,6.87
513,3,middle,51.8,14.06,14.06,10.516
514,3,middle,74.6,5.58,5.58,3.392
515,3,middle,85.0,5.37,5.37,4.062
516,3,middle,60.4,8.62,8.62,5.658
517,3,middle,66.8,8.05,8.05,5.862
518,3,middle,54.1,10.9,10.9,7.873
519,3,middle,60.5,6.75,6.75,4.073
520,3,middle,65.3,10.35,10.35,7.9
521,3,middle,87.6,5.55,5.55,4.456
522,3,middle,64.3,10.58,10.58,8.13
523,3,middle,61.5,5.98,5.98,3.555
524,3,middle,51.7,6.71,6.71,3.239
525,3,middle,54.7,13.38,13.38,10.099
526,3,middle,57.0,7.79,7.79,3.956
527,3,middle,41.1,11.68,11.68,7.426
528,3,middle,83.8,8.6,8.6,7.506
529,3,middle,40.2,7.82,7.82,3.685
530,3,middle,68.2,12.05,12.05,9.792
531,3,middle,55.3,7.87,7.87,4.47
532,3,middle,80.7,3.69,3.69,2.407
533,3,middle,46.7,16.0,16.0,12.719
534,3,middle,38.2,5.25,5.25,1.542
535,3,late,100.8,4.27,4.27,4.27
536,3,late,102.8,4.24,4.24,4.24
537,3,late,100.6,3.27,3.27,3.27
538,3,late,104.3,4.16,4.16,4.16
539,3,late,105.8,3.1,3.1,3.1
540,3,late,99.3,3.31,3.31,2.977
541,3,late,98.7,2.84,2.84,2.35
542,3,late,98.3,5.88,5.88,5.122
543,3,late,94.4,5.25,5.25,4.156
544,3,late,101.7,2.7,2.7,2.7
545,3,late,107.3,3.39,3.39,3.39
546,3,late,92.1,4.8,4.8,3.706
547,3,late,92.0,4.49,4.49,3.396
548,3,late,109.6,2.69,2.69,2.69
549,3,late,112.7,3.78,3.78,3.78
550,3,late,92.2,9.4,9.4,8.306
551,3,late,110.5,4.09,4.09,4.09
552,3,late,98.3,4.86,4.86,3.791
553,3,late,110.2,3.06,3.06,3.06
554,3,late,102.1,2.69,2.69,2.69
555,3,late,114.9,3.4,3.4,3.4
556,3,late,113.9,4.88,4.88,4.88
557,3,late,95.0,3.25,3.25,2.156
558,3,late,115.7,0.0,0.0,0.0
559,3,late,94.5,2.72,2.72,1.316
560,3,late,91.2,6.36,6.36,5.266
561,3,late,98.4,3.4,3.4,2.642
562,3,late,110.2,2.55,2.55,2.55
563,3,late,102.8,4.87,4.87,4.87
564,3,late,102.3,3.51,3.51,3.51
565,3,late,106.4,4.89,4.89,4.89
566,3,late,94.6,5.43,5.43,4.336
567,3,late,106.6,2.51,2.51,2.51
568,3,late,116.6,0.0,0.0,0.0
569,3,late,105.7,4.63,4.63,4.63
570,3,late,110.4,3.87,3.87,3.87
571,3,late,116.9,0.0,0.0,0.0
572,3,late,114.9,4.09,4.09,4.09
573,3,late,92.6,3.13,3.13,1.918
574,3,late,104.4,3.62,3.62,3.62
575,3,late,103.4,4.78,4.78,4.78
576,3,late,106.9,3.82,3.82,3.82
577,3,late,101.6,5.44,5.44,5.44
578,3,late,107.7,2.54,2.54,2.54
579,3,late,101.6,2.08,2.08,2.08
580,3,late,105.2,4.05,4.05,4.05
581,3,late,106.6,3.35,3.35,3.35
582,3,late,103.7,3.59,3.59,3.59
583,3,late,114.9,2.7,2.7,2.7
584,3,late,115.2,2.76,2.76,2.76
585,3,late,104.8,3.75,3.75,3.75
586,3,late,91.3,5.28,5.28,3.49
587,3,late,115.6,0.0,0.0,0.0
588,3,late,98.0,1.44,1.44,0.634
589,3,late,96.9,5.33,5.33,4.07
590,3,late,108.2,1.16,1.16,1.16
591,3,late,102.8,2.09,2.09,2.09
592,3,late,104.4,3.94,3.94,3.94
593,3,late,112.7,3.09,3.09,3.09
594,3,late,101.8,2.92,2.92,2.92
595,3,late,110.8,4.34,4.34,4.34
596,3,late,91.2,3.39,3.39,2.296
597,3,late,113.2,3.47,3.47,3.47
598,3,late,105.7,3.81,3.81,3.81
599,3,late,115.0,1.72,1.72,1.72
600,3,late,91.4,2.48,2.48,0.69
601,4,early,21.4,23.53,23.53,18.23
602,4,early,2.7,20.0,20.0,13.917
603,4,early,7.9,28.06,28.06,22.425
604,4,early,5.1,19.13,19.13,13.495
605,4,early,18.4,8.01,8.01,4.15
606,4,early,2.7,15.33,15.33,8.793
607,4,early,11.5,28.33,28.33,22.861
608,4,early,29.4,13.03,13.03,8.325
609,4,early,27.7,10.72,10.72,6.345
610,4,early,1.8,19.4,19.4,13.049
611,4,early,5.9,11.84,11.84,6.454
612,4,early,11.7,11.15,11.15,6.353
613,4,early,24.8,9.4,9.4,5.025
614,4,early,17.9,22.28,22.28,16.811
615,4,early,13.7,24.77,24.77,19.301
616,4,early,9.2,17.64,17.64,12.324
617,4,early,27.2,13.94,13.94,9.565
618,4,early,10.4,26.43,26.43,20.265
619,4,early,24.5,17.48,17.48,13.105
620,4,early,19.8,11.6,11.6,7.279
621,4,early,3.5,17.49,17.49,11.807
622,4,early,4.3,16.03,16.03,10.672
623,4,early,16.4,14.4,14.4,9.575
624,4,early,18.1,22.79,22.79,17.25
625,4,early,23.0,14.73,14.73,9.951
626,4,early,28.8,14.57,14.57,9.38
627,4,early,1.4,29.3,29.3,22.715
628,4,early,26.3,10.69,10.69,6.103
629,4,early,20.7,27.62,27.62,22.057
630,4,early,18.5,20.59,20.59,15.542
631,4,early,6.6,8.08,8.08,3.81
632,4,early,6.4,17.14,17.14,11.255
633,4,early,21.0,10.47,10.47,5.241
634,4,early,24.2,17.39,17.39,13.015
635,4,early,25.5,8.46,8.46,4.999
636,4,early,18.1,21.3,21.3,15.831
637,4,early,1.2,26.45,26.45,19.96
638,4,early,20.5,16.25,16.25,11.412
639,4,early,29.8,26.12,26.12,21.364
640,4,early,11.5,23.52,23.52,17.885
641,4,early,22.4,13.21,13.21,8.431
642,4,early,10.4,10.36,10.36,5.053
643,4,early,1.2,13.82,13.82,7.401
644,4,early,9.7,26.92,26.92,21.451
645,4,early,3.3,19.26,19.26,13.339
646,4,early,3.0,9.5,9.5,3.29
647,4,early,21.4,21.91,21.91,16.562
648,4,early,22.3,22.82,22.82,17.416
649,4,early,6.5,19.87,19.87,14.33
650,4,early,19.8,10.3,10.3,5.81
651,4,early,10.7,18.88,18.88,13.388
652,4,early,29.6,9.07,9.07,4.433
653,4,early,23.2,19.39,19.39,13.986
654,4,early,18.4,25.1,25.1,19.631
655,4,early,23.4,17.4,17.4,12.429
656,4,early,14.8,23.6,23.6,18.131
657,4,early,1.8,29.08,29.08,22.686
658,4,early,5.3,9.79,9.79,4.816
659,4,early,29.5,19.26,19.26,14.885
660,4,early,4.1,21.89,21.89,15.969
661,4,early,12.9,7.38,7.38,3.218
662,4,early,7.7,23.4,23.4,18.196
663,4,early,5.5,21.2,21.2,15.517
664,4,early,15.1,18.04,18.04,12.571
665,4,early,7.1,21.57,21.57,16.101
666,4,early,9.6,20.43,20.43,14.843
667,4,early,3.8,33.02,33.02,26.522
668,4,middle,64.3,10.54,10.54,8.353
669,4,middle,57.8,5.27,5.27,2.91
670,4,middle,81.9,11.86,11.86,10.766
671,4,middle,70.8,12.17,12.17,9.983
672,4,middle,37.0,13.77,13.77,9.228
673,4,middle,71.5,10.18,10.18,7.992
674,4,middle,65.3,14.28,14.28,12.092
675,4,middle,78.2,7.35,7.35,5.331
676,4,middle,36.5,15.95,15.95,11.146
677,4,middle,85.5,5.29,5.29,4.221
678,4,middle,85.9,6.19,6.19,5.096
679,4,middle,47.0,14.19,14.19,10.909
680,4,middle,51.3,10.77,10.77,7.108
681,4,middle,41.6,12.59,12.59,8.975
682,4,middle,66.1,9.57,9.57,7.382
683,4,middle,51.8,16.05,16.05,12.842
684,4,middle,82.5,9.96,9.96,8.866
685,4,middle,37.9,13.35,13.35,8.856
686,4,middle,43.0,16.9,16.9,13.619
687,4,middle,59.8,6.82,6.82,4.28
688,4,middle,32.8,18.64,18.64,14.028
689,4,middle,66.1,9.26,9.26,7.073
690,4,middle,67.5,10.34,10.34,8.153
691,4,middle,86.5,6.25,6.25,5.156
692,4,middle,51.3,20.81,20.81,17.673
693,4,middle,59.3,9.95,9.95,6.908
694,4,middle,80.9,6.96,6.96,5.533
695,4,middle,75.0,13.69,13.69,11.503
696,4,middle,65.8,11.09,11.09,8.903
697,4,middle,86.8,6.71,6.71,5.545
698,4,middle,58.0,13.06,13.06,9.827
699,4,middle,77.8,5.84,5.84,3.63
700,4,middle,51.0,4.39,4.39,2.492
701,4,middle,78.9,6.81,6.81,4.6
702,4,middle,67.5,13.73,13.73,11.543
703,4,middle,38.1,12.02,12.02,7.682
704,4,middle,44.2,8.59,8.59,5.538
705,4,middle,89.3,6.57,6.57,5.262
706,4,middle,57.8,10.51,10.51,7.673
707,4,middle,53.2,8.21,8.21,6.143
708,4,middle,52.3,15.37,15.37,12.066
709,4,middle,52.5,13.86,13.86,10.412
710,4,middle,83.6,5.66,5.66,4.566
711,4,middle,39.5,13.72,13.72,9.489
712,4,middle,76.0,17.43,17.43,15.124
713,4,middle,53.4,6.88,6.88,4.08
714,4,middle,77.8,9.9,9.9,7.642
715,4,middle,49.4,24.42,24.42,21.139
716,4,middle,86.7,5.38,5.38,4.286
717,4,middle,87.9,10.33,10.33,8.974
718,4,middle,49.6,13.71,13.71,10.429
719,4,middle,52.4,11.78,11.78,8.499
720,4,middle,79.8,4.65,4.65,3.044
721,4,middle,75.5,7.2,7.2,5.36
722,4,middle,68.4,12.25,12.25,10.063
723,4,middle,78.5,9.96,9.96,8.012
724,4,middle,38.9,20.93,20.93,16.651
725,4,middle,54.8,15.67,15.67,12.389
726,4,middle,75.5,10.88,10.88,8.67
727,4,middle,38.7,7.82,7.82,4.393
728,4,middle,47.1,21.85,21.85,18.569
729,4,middle,72.3,7.01,7.01,4.822
730,4,middle,34.5,9.58,9.58,6.479
731,4,middle,68.1,9.56,9.56,7.398
732,4,middle,78.7,4.55,4.55,2.806
733,4,middle,68.2,9.58,9.58,7.37
734,4,middle,89.7,7.99,7.99,6.682
735,4,late,108.5,5.41,5.41,5.41
736,4,late,106.6,5.25,5.25,5.25
737,4,late,107.5,3.03,3.03,3.03
738,4,late,97.3,6.74,6.74,5.838
739,4,late,95.0,7.73,7.73,6.636
740,4,late,95.2,11.02,11.02,9.926
741,4,late,105.5,3.6,3.6,3.6
742,4,late,105.2,4.84,4.84,4.84
743,4,late,102.9,5.38,5.38,5.38
744,4,late,100.2,3.73,3.73,3.397
745,4,late,110.8,2.75,2.75,2.75
746,4,late,109.0,4.42,4.42,4.42
747,4,late,110.0,4.38,4.38,4.38
748,4,late,102.2,4.16,4.16,4.16
749,4,late,100.1,6.78,6.78,6.447
750,4,late,112.8,2.79,2.79,2.79
751,4,late,114.0,4.11,4.11,4.11
752,4,late,93.7,6.15,6.15,5.056
753,4,late,104.8,6.35,6.35,6.35
754,4,late,93.3,5.77,5.77,4.51
755,4,late,100.6,4.24,4.24,4.24
756,4,late,95.5,4.47,4.47,3.376
757,4,late,103.8,4.96,4.96,4.96
758,4,late,110.5,2.46,2.46,2.46
759,4,late,106.3,2.71,2.71,2.71
760,4,late,93.6,4.55,4.55,3.29
761,4,late,91.4,9.85,9.85,8.756
762,4,late,113.4,3.07,3.07,3.07
763,4,late,108.1,2.21,2.21,2.21
764,4,late,106.6,4.51,4.51,4.51
765,4,late,98.6,7.42,7.42,6.662
766,4,late,113.8,2.64,2.64,2.64
767,4,late,106.5,6.59,6.59,6.59
768,4,late,92.0,7.58,7.58,6.486
769,4,late,94.3,5.89,5.89,4.486
770,4,late,111.4,5.33,5.33,5.33
771,4,late,99.4,4.49,4.49,4.157
772,4,late,110.0,2.91,2.91,2.91
773,4,late,114.9,3.74,3.74,3.74
774,4,late,109.7,4.07,4.07,4.07
775,4,late,114.6,2.21,2.21,2.21
776,4,late,92.5,5.98,5.98,4.886
777,4,late,96.7,4.47,4.47,3.162
778,4,late,116.0,0.0,0.0,0.0
779,4,late,91.1,9.08,9.08,7.986
780,4,late,108.4,4.11,4.11,4.11
781,4,late,107.8,2.42,2.42,2.42
782,4,late,108.0,4.3,4.3,4.3
783,4,late,106.9,5.68,5.68,5.68
784,4,late,101.3,3.83,3.83,3.83
785,4,late,112.2,5.42,5.42,5.42
786,4,late,99.1,6.91,6.91,6.577
787,4,late,113.3,4.35,4.35,4.35
788,4,late,101.2,5.47,5.47,5.47
789,4,late,107.2,5.28,5.28,5.28
790,4,late,105.4,2.46,2.46,2.46
791,4,late,106.3,5.82,5.82,5.82
792,4,late,108.9,3.33,3.33,3.33
793,4,late,106.8,3.71,3.71,3.71
794,4,late,95.1,3.31,3.31,1.906
795,4,late,116.5,0.0,0.0,0.0
796,4,late,113.7,2.73,2.73,2.73
797,4,late,107.8,3.81,3.81,3.81
798,4,late,113.9,4.32,4.32,4.32
799,4,late,97.6,5.61,5.61,4.756
800,4,late,103.7,3.45,3.45,3.45
801,5,early,6.1,17.78,17.78,12.145
802,5,early,7.1,23.0,23.0,17.102
803,5,early,2.9,44.52,44.52,37.866
804,5,early,6.2,29.65,29.65,23.671
805,5,early,25.1,20.75,20.75,16.375
806,5,early,27.2,11.77,11.77,7.839
807,5,early,19.9,32.16,32.16,25.995
808,5,early,5.0,18.33,18.33,13.353
809,5,early,23.2,22.23,22.23,17.355
810,5,early,20.2,16.4,16.4,11.219
811,5,early,14.9,29.47,29.47,24.326
812,5,early,3.1,33.72,33.72,27.739
813,5,early,8.0,32.21,32.21,26.741
814,5,early,14.1,24.23,24.23,19.205
815,5,early,19.9,20.02,20.02,14.647
816,5,early,5.2,13.17,13.17,8.056
817,5,early,27.1,26.79,26.79,22.415
818,5,early,12.7,30.64,30.64,24.909
819,5,early,19.0,24.09,24.09,17.759
820,5,early,11.0,24.9,24.9,19.431
821,5,early,17.3,29.13,29.13,22.965
822,5,early,26.7,30.62,30.62,26.078
823,5,early,28.8,18.35,18.35,13.975
824,5,early,29.0,18.4,18.4,13.858
825,5,early,20.1,8.71,8.71,4.123
826,5,early,21.1,24.94,24.94,19.448
827,5,early,20.5,22.11,22.11,16.666
828,5,early,7.8,36.09,36.09,30.621
829,5,early,20.2,13.96,13.96,8.66
830,5,early,3.3,19.03,19.03,13.228
831,5,early,20.6,28.21,28.21,22.623
832,5,early,6.7,32.23,32.23,26.065
833,5,early,1.4,15.63,15.63,9.972
834,5,early,8.7,34.29,34.29,28.821
835,5,early,10.3,19.28,19.28,13.526
836,5,early,8.6,18.88,18.88,14.309
837,5,early,21.1,20.83,20.83,15.411
838,5,early,24.3,15.42,15.42,11.022
839,5,early,19.4,21.31,21.31,15.199
840,5,early,19.6,13.39,13.39,8.243
841,5,early,23.4,10.81,10.81,5.953
842,5,early,3.6,25.64,25.64,19.838
843,5,early,16.1,11.55,11.55,7.028
844,5,early,20.4,28.11,28.11,22.785
845,5,early,18.9,29.39,29.39,24.342
846,5,early,19.0,18.47,18.47,12.835
847,5,early,2.5,24.55,24.55,17.75
848,5,early,6.0,28.12,28.12,22.651
849,5,early,26.9,12.59,12.59,8.567
850,5,early,6.6,19.26,19.26,13.72
851,5,early,25.8,25.1,25.1,20.51
852,5,early,1.3,16.46,16.46,10.773
853,5,early,11.9,40.59,40.59,35.121
854,5,early,8.1,17.8,17.8,11.902
855,5,early,25.4,29.53,29.53,24.726
856,5,early,28.2,23.94,23.94,19.565
857,5,early,23.7,15.44,15.44,11.617
858,5,early,3.0,35.1,35.1,29.142
859,5,early,26.9,21.63,21.63,16.945
860,5,early,16.0,16.88,16.88,11.349
861,5,early,4.6,23.24,23.24,17.771
862,5,early,23.9,26.82,26.82,22.674
863,5,early,21.6,21.77,21.77,16.637
864,5,early,5.2,16.65,16.65,12.075
865,5,early,11.5,44.07,44.07,38.601
866,5,early,17.2,19.22,19.22,12.985
867,5,early,14.6,19.74,19.74,14.271
868,5,middle,87.6,6.24,6.24,5.123
869,5,middle,38.3,19.25,19.25,14.875
870,5,middle,81.9,12.45,12.45,11.356
871,5,middle,63.6,22.98,22.98,20.793
872,5,middle,73.1,9.31,9.31,7.004
873,5,middle,65.8,14.84,14.84,12.653
874,5,middle,61.4,13.27,13.27,10.774
875,5,middle,47.0,30.05,30.05,26.769
876,5,middle,73.8,8.52,8.52,5.637
877,5,middle,40.4,10.29,10.29,6.203
878,5,middle,75.7,9.55,9.55,7.363
879,5,middle,70.5,7.6,7.6,4.983
880,5,middle,36.2,19.74,19.74,15.15
881,5,middle,84.7,10.49,10.49,9.396
882,5,middle,34.4,21.04,21.04,16.284
883,5,middle,70.0,10.26,10.26,8.073
884,5,middle,50.8,14.86,14.86,11.341
885,5,middle,89.4,7.32,7.32,6.012
886,5,middle,86.1,8.36,8.36,7.266
887,5,middle,33.7,15.61,15.61,11.727
888,5,middle,52.6,9.42,9.42,6.716
889,5,middle,40.2,12.31,12.31,8.104
890,5,middle,89.8,9.09,9.09,7.996
891,5,middle,42.6,15.32,15.32,11.587
892,5,middle,60.7,16.57,16.57,13.835
893,5,middle,45.7,18.12,18.12,14.935
894,5,middle,43.6,19.79,19.79,16.294
895,5,middle,69.6,6.04,6.04,4.296
896,5,middle,70.5,10.54,10.54,8.33
897,5,middle,46.9,15.71,15.71,12.406
898,5,middle,41.8,19.45,19.45,15.835
899,5,middle,76.6,8.71,8.71,6.356
900,5,middle,53.4,12.89,12.89,9.442
901,5,middle,67.0,9.86,9.86,7.673
902,5,middle,50.2,13.32,13.32,10.087
903,5,middle,37.8,14.0,14.0,9.387
904,5,middle,46.9,13.06,13.06,9.708
905,5,middle,63.4,18.64,18.64,16.453
906,5,middle,43.5,16.06,16.06,12.779
907,5,middle,88.9,8.82,8.82,7.726
908,5,middle,67.3,10.54,10.54,8.067
909,5,middle,50.4,11.27,11.27,7.751
910,5,middle,57.3,15.27,15.27,11.989
911,5,middle,87.7,4.91,4.91,4.164
912,5,middle,69.0,12.89,12.89,10.007
913,5,middle,39.0,18.22,18.22,13.941
914,5,middle,64.4,11.4,11.4,8.95
915,5,middle,86.1,8.72,8.72,7.46
916,5,middle,57.0,9.94,9.94,7.118
917,5,middle,34.9,28.93,28.93,24.807
918,5,middle,89.4,10.48,10.48,9.172
919,5,middle,63.6,13.85,13.85,11.592
920,5,middle,47.6,10.63,10.63,7.422
921,5,middle,61.1,10.68,10.68,8.159
922,5,middle,69.8,13.25,13.25,11.062
923,5,middle,51.8,14.45,14.45,11.169
924,5,middle,31.1,16.5,16.5,11.575
925,5,middle,81.9,10.0,10.0,8.906
926,5,middle,61.1,9.91,9.91,7.389
927,5,middle,62.7,12.51,12.51,10.322
928,5,middle,62.7,10.88,10.88,8.693
929,5,middle,34.8,19.19,19.19,14.815
930,5,middle,45.7,13.98,13.98,10.699
931,5,middle,73.6,18.19,18.19,16.003
932,5,middle,33.2,16.14,16.14,12.102
933,5,middle,56.8,15.03,15.03,11.845
934,5,middle,58.2,11.77,11.77,8.933
935,5,late,97.7,7.07,7.07,5.905
936,5,late,95.6,6.8,6.8,5.706
937,5,late,107.9,5.55,5.55,5.55
938,5,late,107.9,7.47,7.47,7.47
939,5,late,112.8,5.0,5.0,5.0
940,5,late,99.1,3.97,3.97,3.637
941,5,late,99.8,5.32,5.32,4.987
942,5,late,101.3,4.5,4.5,4.5
943,5,late,97.6,5.36,5.36,4.506
944,5,late,116.7,0.0,0.0,0.0
945,5,late,95.0,8.96,8.96,7.866
946,5,late,115.0,4.21,4.21,4.21
947,5,late,107.8,5.53,5.53,5.53
948,5,late,112.0,5.97,5.97,5.97
949,5,late,102.6,3.63,3.63,3.63
950,5,late,101.7,4.92,4.92,4.92
951,5,late,107.8,2.81,2.81,2.81
952,5,late,102.0,4.4,4.4,4.4
953,5,late,107.1,4.26,4.26,4.26
954,5,late,94.0,7.46,7.46,6.775
955,5,late,97.3,9.94,9.94,9.038
956,5,late,108.5,5.9,5.9,5.9
957,5,late,107.0,4.38,4.38,4.38
958,5,late,114.6,2.25,2.25,2.25
959,5,late,102.9,6.87,6.87,6.87
960,5,late,115.9,0.0,0.0,0.0
961,5,late,104.1,3.71,3.71,3.71
962,5,late,104.1,3.76,3.76,3.76
963,5,late,102.2,5.92,5.92,5.92
964,5,late,97.2,5.82,5.82,4.918
965,5,late,92.3,10.85,10.85,9.756
966,5,late,109.8,4.67,4.67,4.67
967,5,late,94.8,6.69,6.69,5.286
968,5,late,96.3,4.75,4.75,3.704
969,5,late,111.1,4.34,4.34,4.34
970,5,late,108.8,3.26,3.26,3.26
971,5,late,112.7,4.66,4.66,4.66
972,5,late,112.5,3.52,3.52,3.52
973,5,late,91.3,6.91,6.91,5.816
974,5,late,96.1,6.64,6.64,5.284
975,5,late,112.1,3.89,3.89,3.89
976,5,late,101.3,5.27,5.27,5.27
977,5,late,93.9,10.32,10.32,9.226
978,5,late,112.8,5.21,5.21,5.21
979,5,late,100.5,4.78,4.78,4.78
980,5,late,109.4,4.11,4.11,4.11
981,5,late,108.7,5.86,5.86,5.86
982,5,late,92.4,5.92,5.92,4.13
983,5,late,101.3,5.07,5.07,5.07
984,5,late,116.5,0.0,0.0,0.0
985,5,late,98.1,7.71,7.71,6.904
986,5,late,98.2,4.08,4.08,3.274
987,5,late,97.4,4.09,4.09,2.877
988,5,late,94.8,6.94,6.94,5.846
989,5,late,114.3,4.19,4.19,4.19
990,5,late,111.2,4.39,4.39,4.39
991,5,late,94.4,8.65,8.65,7.556
992,5,late,101.3,5.2,5.2,5.2
993,5,late,101.2,4.5,4.5,4.5
994,5,late,107.1,6.45,6.45,6.45
995,5,late,113.4,4.28,4.28,4.28
996,5,late,98.2,7.83,7.83,7.024
997,5,late,93.2,12.3,12.3,10.896
998,5,late,113.9,3.33,3.33,3.33
999,5,late,101.1,5.53,5.53,5.53
1000,5,late,93.0,6.96,6.96,5.652
