run,severity_level,disruptions_each_type,timing_band,n_stoppages,n_shortages,n_reworks,realised_failures,passive_tardiness,model1_tardiness,model2_tardiness,passive_makespan,model1_makespan,model2_makespan
1,mild,1,early,1,1,1,1,29.413,29.413,27.225,123.611,123.611,122.517
2,mild,1,early,1,1,1,1,10.088,4.033,1.55,120.302,118.377,117.427
3,mild,1,early,1,1,1,1,7.172,3.043,1.72,120.182,118.257,117.451
4,mild,1,early,1,1,1,1,17.979,17.979,13.604,121.052,121.052,119.958
5,mild,1,early,1,1,1,1,14.915,12.492,12.159,122.732,120.309,119.975
6,mild,1,early,1,1,1,1,18.797,18.797,18.797,122.812,122.812,122.812
7,mild,1,early,1,1,1,1,14.024,14.024,14.024,121.127,121.127,121.127
8,mild,1,early,1,1,1,1,28.366,22.968,16.425,123.552,122.064,119.723
9,mild,1,early,1,1,1,1,20.999,20.999,18.812,122.132,122.132,121.038
10,mild,1,early,1,1,1,1,12.775,10.353,10.019,122.312,119.889,119.555
11,mild,1,early,1,1,1,1,15.394,15.394,12.112,120.488,120.488,119.394
12,mild,1,early,1,1,1,1,15.156,15.156,14.823,123.262,123.262,122.928
13,mild,1,early,1,1,1,1,16.052,16.052,16.052,121.957,121.957,121.957
14,mild,1,early,1,1,1,1,19.813,19.813,15.438,120.888,120.888,119.795
15,mild,1,early,1,1,1,1,20.325,16.65,16.65,125.561,121.886,121.886
16,mild,1,early,1,1,1,1,13.359,13.359,11.172,120.222,120.222,119.128
17,mild,1,early,1,1,1,1,13.112,8.983,6.751,121.172,119.247,118.153
18,mild,1,early,1,1,1,1,23.69,17.635,13.198,122.623,120.698,119.233
19,mild,1,early,1,1,1,1,11.808,11.808,11.808,120.572,120.572,120.572
20,mild,1,early,1,1,1,1,15.576,13.372,11.863,123.372,121.168,119.66
21,mild,1,early,1,1,1,1,29.17,29.17,29.17,125.547,125.547,125.547
22,mild,1,early,1,1,1,1,15.312,11.183,8.951,121.612,119.687,118.593
23,mild,1,early,1,1,1,1,14.759,14.759,13.665,123.141,123.141,122.047
24,mild,1,early,1,1,1,1,25.542,18.656,15.042,122.902,121.414,120.32
25,mild,1,early,1,1,1,1,24.253,24.253,21.415,121.498,121.498,120.405
26,mild,1,early,1,1,1,1,13.416,11.212,9.703,122.642,120.438,118.93
27,mild,1,early,1,1,1,1,20.089,14.21,13.116,124.021,121.817,120.723
28,mild,1,early,1,1,1,1,13.55,13.55,13.55,121.756,121.756,121.756
29,mild,1,early,1,1,1,1,30.158,30.158,27.971,124.901,124.901,123.807
30,mild,1,early,1,1,1,1,13.006,13.006,13.006,122.072,122.072,122.072
31,mild,1,early,1,1,1,1,17.096,17.096,14.909,122.562,122.562,121.468
32,mild,1,early,1,1,1,1,10.625,6.95,6.95,123.381,119.706,119.706
33,mild,1,early,1,1,1,1,13.809,13.809,12.715,123.261,123.261,122.167
34,mild,1,early,1,1,1,1,26.338,26.338,25.244,122.071,122.071,120.977
35,mild,1,early,1,1,1,1,23.112,23.112,20.925,123.337,123.337,122.243
36,mild,1,early,1,1,1,1,30.937,30.937,28.75,122.811,122.811,121.717
37,mild,1,early,1,1,1,1,15.102,15.102,12.914,121.232,121.232,120.138
38,mild,1,early,1,1,1,1,19.522,14.916,11.302,121.622,120.704,119.61
39,mild,1,early,1,1,1,1,12.885,12.885,12.885,122.126,122.126,122.126
40,mild,1,early,1,1,1,1,12.106,12.106,9.919,120.842,120.842,119.748
41,mild,1,early,1,1,1,1,22.216,22.216,20.028,121.977,121.977,120.883
42,mild,1,early,1,1,1,1,7.616,7.616,7.616,121.272,121.272,121.272
43,mild,1,early,1,1,1,1,20.875,20.875,20.875,122.937,122.937,122.937
44,mild,1,early,1,1,1,1,30.013,30.013,27.969,122.458,122.458,121.365
45,mild,1,early,1,1,1,1,15.377,15.377,13.19,120.532,120.532,119.438
46,mild,1,early,1,1,1,1,13.206,11.002,9.493,122.292,120.088,118.58
47,mild,1,early,1,1,1,1,18.953,18.953,15.069,120.868,120.868,119.775
48,mild,1,early,1,1,1,1,16.962,16.962,16.962,121.812,121.812,121.812
49,mild,1,early,1,1,1,1,12.242,8.113,5.881,121.282,119.357,118.263
50,mild,1,early,1,1,1,1,11.853,11.853,9.667,121.087,121.087,118.901
51,mild,1,early,1,1,1,1,33.027,33.027,28.652,122.961,122.961,121.867
52,mild,1,early,1,1,1,1,40.407,40.407,36.032,124.191,124.191,123.097
53,mild,1,early,1,1,1,1,15.542,15.542,12.26,121.342,121.342,120.248
54,mild,1,early,1,1,1,1,17.299,17.299,15.112,120.722,120.722,119.628
55,mild,1,early,1,1,1,1,34.299,34.299,28.012,125.541,125.541,122.243
56,mild,1,early,1,1,1,1,30.153,30.153,30.153,123.227,123.227,123.227
57,mild,1,early,1,1,1,1,15.225,11.55,11.55,124.601,120.926,120.926
58,mild,1,early,1,1,1,1,6.885,3.21,3.21,122.581,118.906,118.906
59,mild,1,early,1,1,1,1,14.821,14.821,12.634,121.59,121.59,120.496
60,mild,1,early,1,1,1,1,13.235,10.813,9.231,123.062,120.639,119.057
61,mild,1,early,1,1,1,1,26.482,19.596,15.982,122.782,121.294,120.2
62,mild,1,early,1,1,1,1,27.873,27.873,27.873,123.031,123.031,123.031
63,mild,1,early,1,1,1,1,17.029,17.029,15.935,120.862,120.862,119.768
64,mild,1,early,1,1,1,1,9.762,7.423,5.841,122.898,120.559,118.978
65,mild,1,early,1,1,1,1,21.767,21.767,16.583,121.947,121.947,120.168
66,mild,1,early,1,1,1,1,29.773,29.773,25.398,123.311,123.311,122.217
67,mild,1,early,1,1,1,1,14.765,11.09,11.09,123.741,120.066,120.066
68,mild,1,middle,1,1,1,1,11.589,11.589,10.495,123.251,123.251,122.157
69,mild,1,middle,1,1,1,1,12.083,12.083,9.895,121.484,121.484,120.39
70,mild,1,middle,1,1,1,1,8.359,8.359,8.359,124.895,124.895,124.895
71,mild,1,middle,1,1,1,1,6.491,6.491,5.397,120.702,120.702,119.608
72,mild,1,middle,1,1,1,1,5.072,2.733,2.399,121.888,119.549,119.215
73,mild,1,middle,1,1,1,1,7.465,3.79,3.79,124.431,120.756,120.756
74,mild,1,middle,1,1,1,1,10.049,10.049,9.195,122.051,122.051,121.197
75,mild,1,middle,1,1,1,1,16.414,16.414,14.226,122.601,122.601,121.507
76,mild,1,middle,1,1,1,1,14.551,14.551,13.457,123.632,123.632,122.538
77,mild,1,middle,1,1,1,1,18.578,18.578,17.724,122.261,122.261,121.407
78,mild,1,middle,1,1,1,1,10.664,6.92,3.331,122.788,121.384,119.042
79,mild,1,middle,1,1,1,1,9.213,9.213,7.027,122.062,122.062,119.877
80,mild,1,middle,1,1,1,1,10.185,10.185,10.185,123.322,123.322,123.322
81,mild,1,middle,1,1,1,1,9.725,9.725,9.725,125.161,125.161,125.161
82,mild,1,middle,1,1,1,1,11.845,8.17,8.17,124.181,120.506,120.506
83,mild,1,middle,1,1,1,1,4.256,2.052,1.47,120.242,118.038,117.4
84,mild,1,middle,1,1,1,1,18.705,18.705,18.705,122.937,122.937,122.937
85,mild,1,middle,1,1,1,1,14.363,10.663,7.69,122.088,120.377,118.912
86,mild,1,middle,1,1,1,1,17.858,17.858,14.392,122.097,122.097,120.298
87,mild,1,middle,1,1,1,1,7.615,7.615,7.615,122.621,122.621,122.621
88,mild,1,middle,1,1,1,1,8.957,8.957,8.957,121.287,121.287,121.287
89,mild,1,middle,1,1,1,1,7.765,4.09,4.09,123.421,119.746,119.746
90,mild,1,middle,1,1,1,1,21.707,21.707,20.125,123.25,123.25,121.667
91,mild,1,middle,1,1,1,1,6.625,2.95,2.95,122.441,118.766,118.766
92,mild,1,middle,1,1,1,1,11.199,11.199,10.058,121.44,121.44,120.298
93,mild,1,middle,1,1,1,1,17.588,17.588,17.588,122.551,122.551,122.551
94,mild,1,middle,1,1,1,1,12.206,12.206,10.019,121.192,121.192,120.098
95,mild,1,middle,1,1,1,1,9.829,9.829,9.829,122.121,122.121,122.121
96,mild,1,middle,1,1,1,1,10.179,4.3,3.206,122.351,120.147,119.053
97,mild,1,middle,1,1,1,1,6.358,4.783,2.551,120.635,119.987,118.893
98,mild,1,middle,1,1,1,1,13.825,10.15,10.15,124.841,121.166,121.166
99,mild,1,middle,1,1,1,1,13.385,13.385,10.262,124.051,124.051,120.801
100,mild,1,middle,1,1,1,1,5.725,5.725,5.725,121.312,121.312,121.312
101,mild,1,middle,1,1,1,1,9.115,9.115,9.115,124.551,124.551,124.551
102,mild,1,middle,1,1,1,1,6.095,6.095,5.001,120.504,120.504,119.41
103,mild,1,middle,1,1,1,1,5.612,5.612,4.518,120.262,120.262,119.168
104,mild,1,middle,1,1,1,1,12.959,12.959,11.865,123.401,123.401,122.307
105,mild,1,middle,1,1,1,1,6.475,2.8,2.8,122.391,118.716,118.716
106,mild,1,middle,1,1,1,1,16.864,16.864,14.676,122.261,122.261,121.167
107,mild,1,middle,1,1,1,1,21.978,15.923,11.486,123.062,121.137,119.672
108,mild,1,middle,1,1,1,1,7.571,7.571,7.238,120.612,120.612,120.278
109,mild,1,middle,1,1,1,1,17.398,17.398,17.398,122.361,122.361,122.361
110,mild,1,middle,1,1,1,1,5.715,2.04,2.04,122.491,118.816,118.816
111,mild,1,middle,1,1,1,1,11.315,8.893,7.311,123.052,120.629,119.047
112,mild,1,middle,1,1,1,1,8.728,8.728,6.588,120.212,120.212,119.118
113,mild,1,middle,1,1,1,1,9.431,9.431,8.337,121.182,121.182,120.088
114,mild,1,middle,1,1,1,1,4.735,4.735,4.735,121.192,121.192,121.192
115,mild,1,middle,1,1,1,1,8.988,8.988,8.988,121.852,121.852,121.852
116,mild,1,middle,1,1,1,1,18.044,9.96,7.773,123.471,121.267,120.173
117,mild,1,middle,1,1,1,1,10.031,10.031,8.937,122.472,122.472,121.378
118,mild,1,middle,1,1,1,1,10.882,10.882,10.392,121.156,121.156,120.667
119,mild,1,middle,1,1,1,1,15.185,11.51,11.51,124.101,120.426,120.426
120,mild,1,middle,1,1,1,1,5.333,2.91,2.577,121.49,119.068,118.734
121,mild,1,middle,1,1,1,1,20.744,20.744,20.744,123.991,123.991,123.991
122,mild,1,middle,1,1,1,1,7.065,3.39,3.39,123.071,119.396,119.396
123,mild,1,middle,1,1,1,1,11.771,11.771,10.677,122.652,122.652,121.558
124,mild,1,middle,1,1,1,1,9.106,9.106,9.106,121.092,121.092,121.092
125,mild,1,middle,1,1,1,1,9.405,5.73,5.73,123.531,119.856,119.856
126,mild,1,middle,1,1,1,1,5.281,3.077,1.939,121.245,119.04,117.903
127,mild,1,middle,1,1,1,1,6.12,2.81,2.81,123.576,120.266,120.266
128,mild,1,middle,1,1,1,1,6.305,2.63,2.63,122.391,118.716,118.716
129,mild,1,middle,1,1,1,1,20.028,20.028,20.028,122.541,122.541,122.541
130,mild,1,middle,1,1,1,1,13.192,13.192,12.098,121.902,121.902,120.808
131,mild,1,middle,1,1,1,1,13.766,13.766,12.925,122.972,122.972,122.13
132,mild,1,middle,1,1,1,1,7.191,7.191,6.097,121.052,121.052,119.958
133,mild,1,middle,1,1,1,1,11.935,9.513,9.179,122.492,120.069,119.735
134,mild,1,middle,1,1,1,1,8.304,8.304,8.304,121.108,121.108,121.108
135,mild,1,late,1,1,1,1,5.052,5.052,5.052,122.508,122.508,122.508
136,mild,1,late,1,1,1,1,5.501,5.501,5.501,122.957,122.957,122.957
137,mild,1,late,1,1,1,1,6.441,3.01,3.01,123.897,120.466,120.466
138,mild,1,late,1,1,1,1,5.515,1.84,1.84,122.971,119.296,119.296
139,mild,1,late,1,1,1,1,5.212,5.212,5.212,122.668,122.668,122.668
140,mild,1,late,1,1,1,1,5.781,5.781,5.781,123.237,123.237,123.237
141,mild,1,late,1,1,1,1,3.764,3.764,3.764,121.22,121.22,121.22
142,mild,1,late,1,1,1,1,3.156,3.156,3.156,120.612,120.612,120.612
143,mild,1,late,1,1,1,1,5.38,5.38,5.38,122.836,122.836,122.836
144,mild,1,late,1,1,1,1,6.125,6.125,6.125,123.581,123.581,123.581
145,mild,1,late,1,1,1,1,4.935,4.935,4.935,122.392,122.392,122.392
146,mild,1,late,1,1,1,1,5.255,3.008,3.008,122.711,120.464,120.464
147,mild,1,late,1,1,1,1,2.45,2.45,2.45,119.906,119.906,119.906
148,mild,1,late,1,1,1,1,4.632,4.632,4.632,122.088,122.088,122.088
149,mild,1,late,1,1,1,1,5.349,5.349,5.349,122.805,122.805,122.805
150,mild,1,late,1,1,1,1,2.033,2.033,2.033,119.49,119.49,119.49
151,mild,1,late,1,1,1,1,4.101,4.101,4.101,120.547,120.547,120.547
152,mild,1,late,1,1,1,1,6.281,6.281,6.281,123.738,123.738,123.738
153,mild,1,late,1,1,1,1,4.775,4.775,4.775,122.231,122.231,122.231
154,mild,1,late,1,1,1,1,5.332,5.332,5.332,122.788,122.788,122.788
155,mild,1,late,1,1,1,1,3.75,3.75,3.75,121.206,121.206,121.206
156,mild,1,late,1,1,1,1,2.45,2.45,2.45,119.906,119.906,119.906
157,mild,1,late,1,1,1,1,6.285,6.285,6.285,123.741,123.741,123.741
158,mild,1,late,1,1,1,1,6.301,6.301,6.301,123.757,123.757,123.757
159,mild,1,late,1,1,1,1,5.971,5.971,5.971,123.427,123.427,123.427
160,mild,1,late,1,1,1,1,5.465,1.79,1.79,122.921,119.246,119.246
161,mild,1,late,1,1,1,1,7.935,4.26,4.26,125.391,121.716,121.716
162,mild,1,late,1,1,1,1,7.165,3.49,3.49,124.621,120.946,120.946
163,mild,1,late,1,1,1,1,4.117,4.117,3.078,120.803,120.803,119.764
164,mild,1,late,1,1,1,1,4.809,1.57,1.57,122.265,119.026,119.026
165,mild,1,late,1,1,1,1,5.351,5.351,5.351,122.807,122.807,122.807
166,mild,1,late,1,1,1,1,4.96,4.96,4.96,122.417,122.417,122.417
167,mild,1,late,1,1,1,1,6.071,2.64,2.64,123.527,120.096,120.096
168,mild,1,late,1,1,1,1,5.765,5.765,5.765,123.221,123.221,123.221
169,mild,1,late,1,1,1,1,2.45,2.45,2.45,119.906,119.906,119.906
170,mild,1,late,1,1,1,1,6.975,6.975,6.975,124.431,124.431,124.431
171,mild,1,late,1,1,1,1,6.269,6.269,6.269,123.725,123.725,123.725
172,mild,1,late,1,1,1,1,7.329,4.96,4.96,124.785,122.416,122.416
173,mild,1,late,1,1,1,1,3.364,3.364,3.364,120.82,120.82,120.82
174,mild,1,late,1,1,1,1,9.845,9.845,9.845,124.461,124.461,124.461
175,mild,1,late,1,1,1,1,5.675,3.638,3.638,123.131,121.094,121.094
176,mild,1,late,1,1,1,1,5.285,1.61,1.61,122.741,119.066,119.066
177,mild,1,late,1,1,1,1,5.945,2.27,2.27,123.401,119.726,119.726
178,mild,1,late,1,1,1,1,7.181,2.49,2.49,124.638,119.946,119.946
179,mild,1,late,1,1,1,1,10.985,10.985,10.985,124.277,124.277,124.277
180,mild,1,late,1,1,1,1,2.694,2.694,2.694,120.15,120.15,120.15
181,mild,1,late,1,1,1,1,5.15,5.15,5.15,122.606,122.606,122.606
182,mild,1,late,1,1,1,1,6.519,2.844,2.844,123.975,120.3,120.3
183,mild,1,late,1,1,1,1,7.301,3.87,3.87,124.757,121.326,121.326
184,mild,1,late,1,1,1,1,6.015,2.34,2.34,123.471,119.796,119.796
185,mild,1,late,1,1,1,1,4.791,4.791,4.791,122.247,122.247,122.247
186,mild,1,late,1,1,1,1,5.118,5.118,5.118,122.575,122.575,122.575
187,mild,1,late,1,1,1,1,8.715,5.04,3.08,126.171,122.496,120.536
188,mild,1,late,1,1,1,1,5.709,2.27,2.27,123.165,119.726,119.726
189,mild,1,late,1,1,1,1,5.811,5.811,5.811,123.267,123.267,123.267
190,mild,1,late,1,1,1,1,5.545,1.87,1.87,123.001,119.326,119.326
191,mild,1,late,1,1,1,1,6.741,6.741,6.741,124.197,124.197,124.197
192,mild,1,late,1,1,1,1,4.565,4.565,4.565,122.021,122.021,122.021
193,mild,1,late,1,1,1,1,4.2,4.2,4.2,121.656,121.656,121.656
194,mild,1,late,1,1,1,1,5.905,2.23,2.23,123.361,119.686,119.686
195,mild,1,late,1,1,1,1,5.451,2.02,2.02,122.907,119.476,119.476
196,mild,1,late,1,1,1,1,2.804,2.804,2.804,120.26,120.26,120.26
197,mild,1,late,1,1,1,1,4.721,1.75,1.75,122.177,119.206,119.206
198,mild,1,late,1,1,1,1,5.565,5.565,5.565,123.021,123.021,123.021
199,mild,1,late,1,1,1,1,3.998,3.998,3.998,121.455,121.455,121.455
200,mild,1,late,1,1,1,1,4.28,4.28,4.28,121.736,121.736,121.736
201,moderate,2,early,2,2,2,2,27.079,23.404,21.444,129.045,125.37,123.41
202,moderate,2,early,2,2,2,2,50.986,50.986,50.084,128.695,128.695,127.793
203,moderate,2,early,2,2,2,2,34.984,34.984,34.984,128.496,128.496,128.496
204,moderate,2,early,2,2,2,2,21.99,18.315,16.355,127.312,123.637,121.676
205,moderate,2,early,2,2,2,2,29.577,29.577,29.577,126.608,126.608,126.608
206,moderate,2,early,2,2,2,2,36.685,33.01,31.05,128.493,124.818,122.858
207,moderate,2,early,2,2,2,2,17.254,13.579,11.618,128.045,124.37,122.41
208,moderate,2,early,2,2,2,2,21.26,21.26,21.26,124.318,124.318,124.318
209,moderate,2,early,2,2,2,2,43.115,43.115,42.021,126.727,126.727,125.633
210,moderate,2,early,2,2,2,2,19.633,19.633,19.633,124.748,124.748,124.748
211,moderate,2,early,2,2,2,2,31.318,31.318,30.512,126.297,126.297,125.491
212,moderate,2,early,2,2,2,2,22.12,22.12,22.12,125.618,125.618,125.618
213,moderate,2,early,2,2,2,2,18.008,13.879,10.906,123.804,121.879,120.415
214,moderate,2,early,2,2,2,2,32.19,32.19,30.05,124.866,124.866,123.773
215,moderate,2,early,2,2,2,2,39.885,39.885,39.885,128.158,128.158,128.158
216,moderate,2,early,2,2,2,2,37.485,37.485,37.485,125.786,125.786,125.786
217,moderate,2,early,2,2,2,2,26.986,24.782,23.274,124.444,122.24,120.732
218,moderate,2,early,2,2,2,2,33.314,29.639,27.36,129.835,126.16,123.881
219,moderate,2,early,2,2,2,2,52.402,52.402,52.402,129.455,129.455,129.455
220,moderate,2,early,2,2,2,2,22.548,22.548,21.455,125.908,125.908,124.814
221,moderate,2,early,2,2,2,2,24.579,18.456,16.496,129.035,122.912,120.952
222,moderate,2,early,2,2,2,2,46.665,40.61,36.173,126.838,124.912,123.448
223,moderate,2,early,2,2,2,2,27.378,27.378,26.284,124.987,124.987,123.893
224,moderate,2,early,2,2,2,2,24.915,24.915,24.915,124.726,124.726,124.726
225,moderate,2,early,2,2,2,2,30.449,28.026,25.84,126.632,124.21,122.024
226,moderate,2,early,2,2,2,2,49.067,49.067,47.973,129.625,129.625,128.532
227,moderate,2,early,2,2,2,2,29.605,29.605,28.511,124.748,124.748,123.654
228,moderate,2,early,2,2,2,2,23.715,23.715,23.715,127.91,127.91,127.91
229,moderate,2,early,2,2,2,2,24.774,24.774,23.078,124.524,124.524,123.43
230,moderate,2,early,2,2,2,2,14.96,11.285,9.325,126.276,122.601,120.641
231,moderate,2,early,2,2,2,2,24.522,22.562,20.601,127.53,125.57,123.61
232,moderate,2,early,2,2,2,2,33.304,33.304,33.304,127.073,127.073,127.073
233,moderate,2,early,2,2,2,2,54.166,54.166,53.072,128.345,128.345,127.252
234,moderate,2,early,2,2,2,2,32.5,32.5,32.5,125.688,125.688,125.688
235,moderate,2,early,2,2,2,2,21.389,15.997,15.997,127.368,121.976,121.976
236,moderate,2,early,2,2,2,2,55.396,55.396,54.302,128.045,128.045,126.952
237,moderate,2,early,2,2,2,2,43.886,36.957,31.055,126.324,124.662,123.197
238,moderate,2,early,2,2,2,2,43.038,43.038,43.038,128.946,128.946,128.946
239,moderate,2,early,2,2,2,2,40.89,40.89,39.796,125.666,125.666,124.572
240,moderate,2,early,2,2,2,2,35.385,35.385,33.198,126.467,126.467,125.374
241,moderate,2,early,2,2,2,2,38.252,38.252,37.158,126.274,126.274,125.18
242,moderate,2,early,2,2,2,2,51.312,51.312,50.219,129.512,129.512,128.418
243,moderate,2,early,2,2,2,2,28.352,26.458,24.95,125.427,123.533,122.025
244,moderate,2,early,2,2,2,2,38.833,38.833,38.833,127.976,127.976,127.976
245,moderate,2,early,2,2,2,2,19.264,15.589,15.589,124.977,121.302,121.302
246,moderate,2,early,2,2,2,2,26.209,26.209,26.209,126.638,126.638,126.638
247,moderate,2,early,2,2,2,2,17.834,17.834,16.74,123.518,123.518,122.424
248,moderate,2,early,2,2,2,2,34.98,34.98,34.98,125.707,125.707,125.707
249,moderate,2,early,2,2,2,2,37.158,37.158,37.158,129.755,129.755,129.755
250,moderate,2,early,2,2,2,2,36.214,33.791,31.605,128.456,126.033,123.848
251,moderate,2,early,2,2,2,2,47.56,39.477,31.408,129.443,127.239,124.185
252,moderate,2,early,2,2,2,2,29.101,29.101,28.007,125.278,125.278,124.184
253,moderate,2,early,2,2,2,2,31.825,26.427,19.642,125.117,123.63,121.288
254,moderate,2,early,2,2,2,2,25.157,25.157,24.823,124.286,124.286,123.953
255,moderate,2,early,2,2,2,2,45.985,45.985,45.651,126.336,126.336,126.003
256,moderate,2,early,2,2,2,2,17.933,14.258,12.054,128.268,124.593,122.389
257,moderate,2,early,2,2,2,2,40.91,38.706,37.198,127.053,124.849,123.34
258,moderate,2,early,2,2,2,2,21.811,18.136,15.932,127.426,123.751,121.547
259,moderate,2,early,2,2,2,2,15.367,15.367,15.367,124.208,124.208,124.208
260,moderate,2,early,2,2,2,2,23.048,19.373,17.412,125.907,122.232,120.271
261,moderate,2,early,2,2,2,2,34.493,30.818,28.857,130.225,126.55,124.59
262,moderate,2,early,2,2,2,2,32.945,32.945,32.945,128.156,128.156,128.156
263,moderate,2,early,2,2,2,2,30.278,30.278,30.278,125.374,125.374,125.374
264,moderate,2,early,2,2,2,2,21.638,17.723,15.492,124.575,122.757,121.663
265,moderate,2,early,2,2,2,2,17.786,14.111,12.151,126.432,122.757,120.796
266,moderate,2,early,2,2,2,2,25.131,25.131,24.181,124.108,124.108,123.158
267,moderate,2,early,2,2,2,2,14.35,10.675,8.715,126.777,123.102,121.141
268,moderate,2,middle,2,2,2,2,21.802,21.802,20.708,126.692,126.692,125.598
269,moderate,2,middle,2,2,2,2,21.311,21.311,20.217,124.418,124.418,123.324
270,moderate,2,middle,2,2,2,2,28.531,26.57,24.61,128.938,126.977,125.017
271,moderate,2,middle,2,2,2,2,28.223,24.548,22.344,127.645,123.97,121.766
272,moderate,2,middle,2,2,2,2,24.421,24.421,24.421,127.057,127.057,127.057
273,moderate,2,middle,2,2,2,2,29.315,29.315,28.508,126.227,126.227,125.42
274,moderate,2,middle,2,2,2,2,17.595,13.92,11.96,127.516,123.841,121.881
275,moderate,2,middle,2,2,2,2,13.063,13.063,13.063,123.018,123.018,123.018
276,moderate,2,middle,2,2,2,2,18.107,14.432,12.472,126.84,123.165,121.205
277,moderate,2,middle,2,2,2,2,18.235,18.235,18.235,125.067,125.067,125.067
278,moderate,2,middle,2,2,2,2,11.01,11.01,11.01,123.925,123.925,123.925
279,moderate,2,middle,2,2,2,2,8.508,6.168,4.208,124.184,121.845,119.884
280,moderate,2,middle,2,2,2,2,11.641,9.681,7.72,127.318,125.357,123.397
281,moderate,2,middle,2,2,2,2,13.96,13.96,10.039,124.297,124.297,120.376
282,moderate,2,middle,2,2,2,2,16.91,13.235,11.275,129.002,125.327,123.367
283,moderate,2,middle,2,2,2,2,8.93,8.93,8.93,124.353,124.353,124.353
284,moderate,2,middle,2,2,2,2,17.046,17.046,17.046,126.405,126.405,126.405
285,moderate,2,middle,2,2,2,2,7.361,6.668,5.255,122.677,121.984,120.571
286,moderate,2,middle,2,2,2,2,15.209,11.534,9.33,127.143,123.468,121.264
287,moderate,2,middle,2,2,2,2,20.938,20.938,20.938,124.677,124.677,124.677
288,moderate,2,middle,2,2,2,2,23.707,21.503,19.994,125.679,123.475,121.966
289,moderate,2,middle,2,2,2,2,24.17,20.495,18.215,129.173,125.498,123.218
290,moderate,2,middle,2,2,2,2,20.66,20.66,19.567,125.414,125.414,124.32
291,moderate,2,middle,2,2,2,2,22.601,22.601,21.603,125.867,125.867,124.869
292,moderate,2,middle,2,2,2,2,13.822,10.147,10.147,125.027,121.352,121.352
293,moderate,2,middle,2,2,2,2,21.994,18.319,16.358,129.655,125.98,124.02
294,moderate,2,middle,2,2,2,2,10.447,10.447,10.447,127.903,127.903,127.903
295,moderate,2,middle,2,2,2,2,28.057,28.057,28.057,126.975,126.975,126.975
296,moderate,2,middle,2,2,2,2,13.965,12.004,10.044,126.961,125.0,123.04
297,moderate,2,middle,2,2,2,2,9.987,9.987,9.987,123.968,123.968,123.968
298,moderate,2,middle,2,2,2,2,14.929,8.806,6.846,127.985,121.862,119.902
299,moderate,2,middle,2,2,2,2,10.196,5.517,4.269,124.772,120.093,118.845
300,moderate,2,middle,2,2,2,2,22.581,16.702,11.687,126.877,124.672,121.618
301,moderate,2,middle,2,2,2,2,13.057,6.934,4.974,129.923,123.8,121.84
302,moderate,2,middle,2,2,2,2,21.356,17.681,15.477,128.407,124.732,122.528
303,moderate,2,middle,2,2,2,2,13.0,13.0,13.0,127.297,127.297,127.297
304,moderate,2,middle,2,2,2,2,18.691,18.691,18.691,128.763,128.763,128.763
305,moderate,2,middle,2,2,2,2,15.951,13.053,11.13,124.828,121.93,120.007
306,moderate,2,middle,2,2,2,2,14.414,10.739,10.739,126.745,123.07,123.07
307,moderate,2,middle,2,2,2,2,28.225,28.225,27.132,128.163,128.163,127.069
308,moderate,2,middle,2,2,2,2,26.421,26.421,25.771,126.757,126.757,126.107
309,moderate,2,middle,2,2,2,2,9.73,9.73,9.73,126.236,126.236,126.236
310,moderate,2,middle,2,2,2,2,9.681,7.72,5.76,126.177,124.217,122.256
311,moderate,2,middle,2,2,2,2,15.269,13.309,11.348,126.871,124.91,122.95
312,moderate,2,middle,2,2,2,2,9.98,9.98,9.98,125.686,125.686,125.686
313,moderate,2,middle,2,2,2,2,10.783,10.783,10.783,126.98,126.98,126.98
314,moderate,2,middle,2,2,2,2,9.72,9.72,9.72,126.656,126.656,126.656
315,moderate,2,middle,2,2,2,2,33.758,33.758,33.758,128.458,128.458,128.458
316,moderate,2,middle,2,2,2,2,13.56,9.885,7.925,125.997,122.322,120.361
317,moderate,2,middle,2,2,2,2,11.615,7.94,5.98,127.032,123.357,121.396
318,moderate,2,middle,2,2,2,2,20.885,18.462,16.276,129.266,126.843,124.658
319,moderate,2,middle,2,2,2,2,16.942,13.511,13.511,128.768,125.337,125.337
320,moderate,2,middle,2,2,2,2,9.104,9.104,9.104,126.56,126.56,126.56
321,moderate,2,middle,2,2,2,2,17.58,13.905,11.626,129.477,125.802,123.523
322,moderate,2,middle,2,2,2,2,16.631,16.631,16.631,126.137,126.137,126.137
323,moderate,2,middle,2,2,2,2,10.366,10.366,10.366,125.047,125.047,125.047
324,moderate,2,middle,2,2,2,2,18.665,16.705,14.745,128.871,126.911,124.95
325,moderate,2,middle,2,2,2,2,15.386,11.711,9.751,126.797,123.122,121.161
326,moderate,2,middle,2,2,2,2,14.736,11.061,9.1,129.252,125.577,123.617
327,moderate,2,middle,2,2,2,2,28.773,25.098,23.137,128.075,124.4,122.44
328,moderate,2,middle,2,2,2,2,20.989,20.989,20.989,127.018,127.018,127.018
329,moderate,2,middle,2,2,2,2,15.144,15.144,15.144,125.884,125.884,125.884
330,moderate,2,middle,2,2,2,2,9.22,9.22,9.22,125.967,125.967,125.967
331,moderate,2,middle,2,2,2,2,20.25,16.575,14.614,126.332,122.657,120.697
332,moderate,2,middle,2,2,2,2,9.904,7.564,7.231,125.064,122.725,122.391
333,moderate,2,middle,2,2,2,2,19.158,19.158,19.158,124.328,124.328,124.328
334,moderate,2,middle,2,2,2,2,20.465,18.505,16.545,126.742,124.781,122.821
335,moderate,2,late,2,2,2,2,11.859,11.859,11.859,129.315,129.315,129.315
336,moderate,2,late,2,2,2,2,10.995,8.54,8.54,128.452,125.997,125.997
337,moderate,2,late,2,2,2,1,3.264,3.264,3.264,120.72,120.72,120.72
338,moderate,2,late,2,2,2,2,13.673,13.673,13.673,126.965,126.965,126.965
339,moderate,2,late,2,2,2,2,9.862,9.862,9.862,127.318,127.318,127.318
340,moderate,2,late,2,2,2,2,9.66,6.734,6.734,127.116,124.19,124.19
341,moderate,2,late,2,2,2,2,9.514,5.839,3.878,126.97,123.295,121.335
342,moderate,2,late,2,2,2,2,10.509,6.834,4.874,127.245,123.57,121.61
343,moderate,2,late,2,2,2,2,9.19,9.19,9.19,125.637,125.637,125.637
344,moderate,2,late,2,2,2,2,9.429,6.69,6.69,126.885,124.147,124.147
345,moderate,2,late,2,2,2,2,11.476,7.801,5.84,128.932,125.257,123.297
346,moderate,2,late,2,2,2,2,11.315,7.64,5.68,128.772,125.097,123.136
347,moderate,2,late,2,2,2,1,2.984,2.984,2.984,120.44,120.44,120.44
348,moderate,2,late,2,2,2,2,10.529,6.854,4.894,127.985,124.31,122.35
349,moderate,2,late,2,2,2,2,10.985,5.106,3.146,128.442,122.563,120.602
350,moderate,2,late,2,2,2,2,10.639,8.679,6.718,128.095,126.135,124.175
351,moderate,2,late,2,2,2,2,16.196,12.521,10.561,131.482,127.807,125.847
352,moderate,2,late,2,2,2,1,4.064,4.064,4.064,121.52,121.52,121.52
353,moderate,2,late,2,2,2,1,3.784,3.784,3.784,121.24,121.24,121.24
354,moderate,2,late,2,2,2,2,11.497,7.822,7.822,126.613,122.938,122.938
355,moderate,2,late,2,2,2,2,12.206,8.531,6.57,129.662,125.987,124.027
356,moderate,2,late,2,2,2,2,9.64,7.804,7.804,127.096,125.26,125.26
357,moderate,2,late,2,2,2,2,9.133,6.21,6.21,126.59,123.667,123.667
358,moderate,2,late,2,2,2,2,10.855,7.18,7.18,128.312,124.637,124.637
359,moderate,2,late,2,2,2,2,10.011,8.05,6.09,127.467,125.507,123.546
360,moderate,2,late,2,2,2,2,11.104,7.429,5.468,128.56,124.885,122.925
361,moderate,2,late,2,2,2,2,9.25,5.819,5.819,126.706,123.275,123.275
362,moderate,2,late,2,2,2,2,11.499,5.907,3.946,128.955,123.363,121.402
363,moderate,2,late,2,2,2,2,8.332,8.332,4.411,125.788,125.788,121.868
364,moderate,2,late,2,2,2,2,9.695,7.734,5.774,127.151,125.19,123.23
365,moderate,2,late,2,2,2,1,3.584,3.584,3.584,121.04,121.04,121.04
366,moderate,2,late,2,2,2,2,10.954,7.279,5.318,128.41,124.735,122.775
367,moderate,2,late,2,2,2,1,4.444,4.444,4.444,121.9,121.9,121.9
368,moderate,2,late,2,2,2,2,11.919,8.244,6.284,129.375,125.7,123.74
369,moderate,2,late,2,2,2,1,4.014,4.014,4.014,121.47,121.47,121.47
370,moderate,2,late,2,2,2,2,10.682,10.682,10.682,126.418,126.418,126.418
371,moderate,2,late,2,2,2,2,10.925,7.25,5.29,128.381,124.706,122.746
372,moderate,2,late,2,2,2,2,10.271,8.311,6.35,126.918,124.957,122.997
373,moderate,2,late,2,2,2,2,14.946,11.271,9.31,132.402,128.727,126.767
374,moderate,2,late,2,2,2,2,11.274,5.395,3.434,128.73,122.851,120.89
375,moderate,2,late,2,2,2,2,10.195,10.195,10.195,127.651,127.651,127.651
376,moderate,2,late,2,2,2,2,16.204,16.204,16.204,129.495,129.495,129.495
377,moderate,2,late,2,2,2,2,13.455,7.576,5.615,130.911,125.032,123.072
378,moderate,2,late,2,2,2,2,12.076,8.401,6.44,129.532,125.857,123.897
379,moderate,2,late,2,2,2,2,13.934,10.259,8.298,128.98,125.305,123.345
380,moderate,2,late,2,2,2,2,10.745,10.745,10.745,128.202,128.202,128.202
381,moderate,2,late,2,2,2,2,10.259,10.259,10.259,127.715,127.715,127.715
382,moderate,2,late,2,2,2,2,10.464,4.585,2.625,127.92,122.041,120.081
383,moderate,2,late,2,2,2,2,12.755,9.08,9.08,130.212,126.537,126.537
384,moderate,2,late,2,2,2,2,12.485,12.485,12.485,129.942,129.942,129.942
385,moderate,2,late,2,2,2,2,15.856,12.181,12.181,128.452,124.777,124.777
386,moderate,2,late,2,2,2,2,10.835,6.917,4.956,128.292,124.373,122.412
387,moderate,2,late,2,2,2,2,7.479,7.479,3.314,124.935,124.935,120.77
388,moderate,2,late,2,2,2,2,9.459,7.899,7.899,126.915,125.355,125.355
389,moderate,2,late,2,2,2,2,12.479,6.567,4.607,129.935,124.023,122.063
390,moderate,2,late,2,2,2,2,12.734,6.855,4.894,130.19,124.311,122.35
391,moderate,2,late,2,2,2,2,11.844,8.169,6.208,129.3,125.625,123.665
392,moderate,2,late,2,2,2,2,14.755,11.08,9.12,132.212,128.537,126.576
393,moderate,2,late,2,2,2,2,6.994,6.994,6.994,124.45,124.45,124.45
394,moderate,2,late,2,2,2,1,3.834,3.834,3.834,121.29,121.29,121.29
395,moderate,2,late,2,2,2,2,11.639,7.964,7.964,129.095,125.42,125.42
396,moderate,2,late,2,2,2,2,10.132,10.132,10.132,127.588,127.588,127.588
397,moderate,2,late,2,2,2,1,6.17,6.17,6.17,123.626,123.626,123.626
398,moderate,2,late,2,2,2,2,15.624,11.949,9.988,128.205,124.53,122.57
399,moderate,2,late,2,2,2,2,9.469,5.304,3.344,126.925,122.76,120.8
400,moderate,2,late,2,2,2,2,11.734,8.059,8.059,129.19,125.515,125.515
401,extreme,3,early,3,3,3,3,37.958,32.552,29.167,131.701,126.295,122.909
402,extreme,3,early,3,3,3,3,57.53,55.326,53.818,131.312,129.108,127.6
403,extreme,3,early,3,3,3,3,41.512,41.512,41.512,131.495,131.495,131.495
404,extreme,3,early,3,3,3,3,50.37,48.166,46.658,131.322,129.118,127.61
405,extreme,3,early,3,3,3,3,50.906,48.483,46.298,135.034,132.611,130.426
406,extreme,3,early,3,3,3,3,51.358,51.358,51.358,132.937,132.937,132.937
407,extreme,3,early,3,3,3,3,48.829,45.154,42.875,131.101,127.426,125.147
408,extreme,3,early,3,3,3,3,43.217,39.542,37.338,131.129,127.454,125.25
409,extreme,3,early,3,3,3,3,46.1,41.971,38.998,130.3,128.375,126.911
410,extreme,3,early,3,3,3,3,41.767,35.888,30.873,129.941,127.737,124.683
411,extreme,3,early,3,3,3,3,46.171,46.171,45.077,129.202,129.202,128.108
412,extreme,3,early,3,3,3,3,53.595,53.595,53.595,133.001,133.001,133.001
413,extreme,3,early,3,3,3,3,37.844,32.607,28.848,128.213,125.873,124.038
414,extreme,3,early,3,3,3,3,36.39,32.715,30.754,130.578,126.903,124.942
415,extreme,3,early,3,3,3,3,51.963,51.963,51.963,131.721,131.721,131.721
416,extreme,3,early,3,3,3,3,50.511,46.836,44.876,132.208,128.532,126.572
417,extreme,3,early,3,3,3,3,29.655,27.232,25.046,129.063,126.64,124.455
418,extreme,3,early,3,3,3,3,55.042,51.367,49.406,134.738,131.062,129.102
419,extreme,3,early,3,3,3,3,30.288,30.288,30.288,130.535,130.535,130.535
420,extreme,3,early,3,3,3,3,50.957,50.957,49.863,130.093,130.093,128.999
421,extreme,3,early,3,3,3,3,51.879,49.456,47.271,132.905,130.482,128.297
422,extreme,3,early,3,3,3,3,44.774,44.774,43.68,128.218,128.218,127.125
423,extreme,3,early,3,3,3,3,46.902,46.902,46.413,130.998,130.998,130.509
424,extreme,3,early,3,3,3,3,58.159,58.159,55.974,131.02,131.02,128.835
425,extreme,3,early,3,3,3,3,35.044,30.429,24.756,131.711,129.057,125.344
426,extreme,3,early,3,3,3,3,34.939,30.414,30.414,130.139,125.614,125.614
427,extreme,3,early,3,3,3,3,52.194,49.771,47.868,131.812,129.389,127.485
428,extreme,3,early,3,3,3,3,38.326,34.651,32.69,131.526,127.851,125.89
429,extreme,3,early,3,3,3,3,28.063,24.388,24.388,131.712,128.037,128.037
430,extreme,3,early,3,3,3,3,28.273,28.273,28.273,128.498,128.498,128.498
431,extreme,3,early,3,3,3,3,46.871,40.992,39.898,131.574,129.37,128.276
432,extreme,3,early,3,3,3,3,22.32,21.93,19.98,128.11,127.72,125.77
433,extreme,3,early,3,3,3,3,42.123,33.025,27.834,130.882,127.19,124.136
434,extreme,3,early,3,3,3,3,37.765,31.643,27.722,133.781,127.658,123.737
435,extreme,3,early,3,3,3,3,42.76,36.916,34.602,134.09,128.246,125.932
436,extreme,3,early,3,3,3,3,46.128,46.128,45.034,129.912,129.912,128.818
437,extreme,3,early,3,3,3,3,38.546,36.342,34.833,129.803,127.599,126.091
438,extreme,3,early,3,3,3,3,24.197,22.236,20.276,131.903,129.942,127.982
439,extreme,3,early,3,3,3,3,40.094,40.094,39.0,130.049,130.049,128.955
440,extreme,3,early,3,3,3,3,46.043,46.043,44.949,129.05,129.05,127.956
441,extreme,3,early,3,3,3,3,34.628,34.628,34.628,130.73,130.73,130.73
442,extreme,3,early,3,3,3,3,28.733,23.327,21.19,129.992,124.586,122.448
443,extreme,3,early,3,3,3,3,28.968,22.845,20.885,131.745,125.622,123.662
444,extreme,3,early,3,3,3,3,34.663,32.24,30.054,129.252,126.829,124.644
445,extreme,3,early,3,3,3,3,51.271,48.931,38.66,133.844,131.505,125.155
446,extreme,3,early,3,3,3,3,38.524,33.287,29.528,127.913,125.573,123.738
447,extreme,3,early,3,3,3,3,28.03,25.132,23.21,129.082,126.184,124.261
448,extreme,3,early,3,3,3,3,37.668,33.993,32.033,130.192,126.517,124.556
449,extreme,3,early,3,3,3,3,57.495,57.495,55.308,129.36,129.36,128.266
450,extreme,3,early,3,3,3,3,47.856,45.433,43.248,131.062,128.639,126.454
451,extreme,3,early,3,3,3,3,50.075,47.871,46.363,128.807,126.603,125.095
452,extreme,3,early,3,3,3,3,46.323,46.323,45.421,131.987,131.987,131.085
453,extreme,3,early,3,3,3,3,35.443,35.443,34.793,130.512,130.512,129.862
454,extreme,3,early,3,3,3,3,41.39,41.39,40.631,129.452,129.452,128.694
455,extreme,3,early,3,3,3,3,35.904,30.06,27.746,134.541,128.697,126.383
456,extreme,3,early,3,3,3,3,26.721,24.517,23.008,126.454,124.25,122.741
457,extreme,3,early,3,3,3,3,38.513,34.927,32.723,131.631,128.045,125.841
458,extreme,3,early,3,3,3,3,47.437,45.097,43.237,134.069,131.729,129.869
459,extreme,3,early,3,3,3,3,42.596,38.921,36.961,132.618,128.942,126.982
460,extreme,3,early,3,3,3,3,49.307,49.307,49.307,131.442,131.442,131.442
461,extreme,3,early,3,3,3,3,36.83,36.83,36.83,129.242,129.242,129.242
462,extreme,3,early,3,3,3,3,43.994,42.148,38.631,133.417,131.572,128.029
463,extreme,3,early,3,3,3,3,46.649,42.974,40.77,132.178,128.503,126.299
464,extreme,3,early,3,3,3,3,32.931,29.256,27.295,132.101,128.426,126.465
465,extreme,3,early,3,3,3,3,32.978,30.555,28.453,128.493,126.07,123.968
466,extreme,3,early,3,3,3,3,51.818,51.818,50.82,132.058,132.058,131.06
467,extreme,3,early,3,3,3,3,49.655,49.655,49.375,130.492,130.492,130.213
468,extreme,3,middle,3,3,3,3,31.922,28.247,26.287,136.055,132.38,130.419
469,extreme,3,middle,3,3,3,3,41.022,39.062,37.101,130.865,128.905,126.945
470,extreme,3,middle,3,3,3,3,20.329,14.923,12.785,131.071,125.665,123.527
471,extreme,3,middle,3,3,3,3,27.758,24.083,22.123,134.905,131.23,129.27
472,extreme,3,middle,3,3,3,3,22.764,18.22,15.747,128.826,124.282,121.81
473,extreme,3,middle,3,3,3,3,20.276,18.416,18.416,130.637,128.776,128.776
474,extreme,3,middle,3,3,3,3,28.648,23.67,22.576,131.01,129.257,128.163
475,extreme,3,middle,3,3,3,3,26.271,21.862,19.902,130.596,126.188,124.227
476,extreme,3,middle,3,3,3,3,21.742,18.067,16.107,130.779,127.104,125.143
477,extreme,3,middle,3,3,3,3,25.602,25.602,25.602,132.747,132.747,132.747
478,extreme,3,middle,3,3,3,3,19.415,14.418,12.458,132.992,127.995,126.034
479,extreme,3,middle,3,3,3,3,27.58,23.905,21.944,128.652,124.977,123.017
480,extreme,3,middle,3,3,3,3,16.035,16.035,16.035,128.256,128.256,128.256
481,extreme,3,middle,3,3,3,3,30.798,27.123,25.163,132.457,128.782,126.822
482,extreme,3,middle,3,3,3,3,18.558,12.435,10.475,131.85,125.727,123.767
483,extreme,3,middle,3,3,3,3,23.24,19.565,17.605,129.629,125.954,123.993
484,extreme,3,middle,3,3,3,3,31.085,31.085,29.991,129.36,129.36,128.266
485,extreme,3,middle,3,3,3,3,32.334,26.49,24.176,132.768,126.924,124.61
486,extreme,3,middle,3,3,3,3,24.486,20.811,18.851,130.218,126.543,124.583
487,extreme,3,middle,3,3,3,3,39.664,37.46,35.479,134.386,132.182,130.115
488,extreme,3,middle,3,3,3,3,17.916,13.507,11.547,131.772,127.364,125.403
489,extreme,3,middle,3,3,3,3,23.349,19.674,17.713,134.181,130.506,128.545
490,extreme,3,middle,3,3,3,3,13.051,9.376,7.416,129.558,125.882,123.922
491,extreme,3,middle,3,3,3,3,23.666,19.991,19.991,129.722,126.047,126.047
492,extreme,3,middle,3,3,3,3,26.3,22.625,20.421,132.649,128.974,126.77
493,extreme,3,middle,3,3,3,3,34.194,30.763,30.763,130.427,126.995,126.995
494,extreme,3,middle,3,3,3,3,39.615,39.615,38.713,132.146,132.146,131.244
495,extreme,3,middle,3,3,3,3,20.198,14.075,12.115,131.72,125.597,123.637
496,extreme,3,middle,3,3,3,3,30.6,24.477,20.556,132.721,126.598,122.677
497,extreme,3,middle,3,3,3,3,21.318,17.643,15.439,132.189,128.514,126.31
498,extreme,3,middle,3,3,3,3,55.326,55.326,54.541,133.565,133.565,132.78
499,extreme,3,middle,3,3,3,3,34.13,25.801,20.718,132.181,128.016,124.766
500,extreme,3,middle,3,3,3,3,41.848,35.725,31.729,135.45,129.327,125.331
501,extreme,3,middle,3,3,3,3,26.013,20.606,18.469,130.977,125.571,123.434
502,extreme,3,middle,3,3,3,3,40.643,40.643,40.643,131.124,131.124,131.124
503,extreme,3,middle,3,3,3,3,23.477,23.477,23.477,132.119,132.119,132.119
504,extreme,3,middle,3,3,3,3,32.918,26.795,24.835,133.84,127.717,125.757
505,extreme,3,middle,3,3,3,3,18.748,15.073,13.113,130.452,126.777,124.817
506,extreme,3,middle,3,3,3,3,40.732,34.852,29.838,131.822,129.617,126.563
507,extreme,3,middle,3,3,3,3,33.846,30.171,28.211,136.882,133.207,131.246
508,extreme,3,middle,3,3,3,3,23.131,17.808,14.423,133.288,127.965,124.579
509,extreme,3,middle,3,3,3,3,48.333,48.333,48.196,133.729,133.729,133.592
510,extreme,3,middle,3,3,3,3,28.363,25.94,23.755,127.593,125.17,122.984
511,extreme,3,middle,3,3,3,3,29.613,25.938,23.978,134.843,131.168,129.208
512,extreme,3,middle,3,3,3,3,45.895,42.22,39.94,132.341,128.666,126.387
513,extreme,3,middle,3,3,3,3,17.929,11.202,7.816,131.595,124.868,121.483
514,extreme,3,middle,3,3,3,3,32.256,32.256,32.256,129.122,129.122,129.122
515,extreme,3,middle,3,3,3,3,32.279,32.279,31.329,131.428,131.428,130.478
516,extreme,3,middle,3,3,3,3,30.054,27.93,27.93,132.117,129.993,129.993
517,extreme,3,middle,3,3,3,3,44.038,44.038,42.517,134.131,134.131,132.5
518,extreme,3,middle,3,3,3,3,28.466,26.043,23.858,131.392,128.969,126.784
519,extreme,3,middle,3,3,3,3,23.631,21.291,17.112,131.455,129.115,124.809
520,extreme,3,middle,3,3,3,3,17.096,17.096,17.096,126.498,126.498,126.498
521,extreme,3,middle,3,3,3,3,25.057,23.097,21.136,130.402,128.441,126.481
522,extreme,3,middle,3,3,3,3,24.543,19.864,18.691,133.275,128.596,127.423
523,extreme,3,middle,3,3,3,3,40.295,38.091,37.157,131.342,129.138,128.205
524,extreme,3,middle,3,3,3,3,18.565,12.442,8.521,133.581,127.458,123.537
525,extreme,3,middle,3,3,3,3,34.67,31.714,28.715,133.421,130.466,127.467
526,extreme,3,middle,3,3,3,3,20.651,16.976,15.015,131.312,127.637,125.677
527,extreme,3,middle,3,3,3,3,20.742,17.067,15.107,129.582,125.907,123.947
528,extreme,3,middle,3,3,3,3,13.752,13.752,13.752,128.889,128.889,128.889
529,extreme,3,middle,3,3,3,3,36.493,32.818,30.614,132.011,128.336,126.132
530,extreme,3,middle,3,3,3,3,22.86,19.185,19.185,130.909,127.234,127.234
531,extreme,3,middle,3,3,3,3,19.378,19.378,19.378,129.578,129.578,129.578
532,extreme,3,middle,3,3,3,3,22.895,20.935,18.974,132.537,130.576,128.616
533,extreme,3,middle,3,3,3,3,18.415,14.74,12.779,132.871,129.196,127.235
534,extreme,3,middle,3,3,3,3,31.685,31.685,31.685,128.39,128.39,128.39
535,extreme,3,late,3,3,3,3,14.76,10.317,8.357,132.216,127.773,125.813
536,extreme,3,late,3,3,3,1,3.644,3.644,3.644,121.1,121.1,121.1
537,extreme,3,late,3,3,3,3,15.336,10.927,8.967,131.552,127.144,125.183
538,extreme,3,late,3,3,3,3,16.875,13.74,13.74,130.982,127.848,127.848
539,extreme,3,late,3,3,3,3,16.26,10.137,8.177,133.716,127.593,125.633
540,extreme,3,late,3,3,3,3,13.441,9.766,7.806,129.567,125.892,123.932
541,extreme,3,late,3,3,3,3,15.069,8.946,6.985,132.525,126.402,124.442
542,extreme,3,late,3,3,3,3,20.151,14.028,10.107,137.607,131.484,127.563
543,extreme,3,late,3,3,3,3,16.807,12.144,10.184,134.263,129.6,127.64
544,extreme,3,late,3,3,3,3,18.059,11.936,8.015,135.515,129.392,125.471
545,extreme,3,late,3,3,3,3,14.994,8.625,4.704,132.45,126.081,122.16
546,extreme,3,late,3,3,3,3,16.794,10.671,6.75,134.25,128.127,124.206
547,extreme,3,late,3,3,3,3,12.605,7.218,5.258,130.061,124.675,122.714
548,extreme,3,late,3,3,3,3,15.084,11.409,9.449,132.54,128.865,126.905
549,extreme,3,late,3,3,3,3,13.675,9.511,5.346,131.132,126.967,122.802
550,extreme,3,late,3,3,3,3,14.629,10.465,6.3,132.085,127.921,123.756
551,extreme,3,late,3,3,3,2,10.219,6.054,4.094,127.675,123.51,121.55
552,extreme,3,late,3,3,3,3,16.489,10.366,6.445,133.945,127.822,123.901
553,extreme,3,late,3,3,3,2,10.985,6.82,4.86,128.441,124.276,122.316
554,extreme,3,late,3,3,3,3,15.39,9.267,5.346,132.846,126.723,122.803
555,extreme,3,late,3,3,3,3,19.15,13.027,11.066,136.606,130.483,128.523
556,extreme,3,late,3,3,3,3,13.384,8.976,7.015,130.84,126.432,124.472
557,extreme,3,late,3,3,3,2,10.319,8.359,6.398,127.775,125.815,123.855
558,extreme,3,late,3,3,3,3,16.44,10.317,6.396,133.896,127.773,123.852
559,extreme,3,late,3,3,3,2,11.509,7.345,5.384,128.965,124.801,122.84
560,extreme,3,late,3,3,3,3,14.233,10.069,5.904,131.69,127.525,123.36
561,extreme,3,late,3,3,3,3,14.974,10.565,6.645,132.43,128.022,124.101
562,extreme,3,late,3,3,3,3,12.969,8.805,4.64,130.425,126.261,122.096
563,extreme,3,late,3,3,3,3,12.869,8.705,4.54,130.325,126.161,121.996
564,extreme,3,late,3,3,3,3,13.204,9.039,4.875,130.66,126.495,122.331
565,extreme,3,late,3,3,3,2,9.725,6.168,3.964,127.181,123.625,121.42
566,extreme,3,late,3,3,3,3,17.558,11.435,9.475,135.015,128.892,126.931
567,extreme,3,late,3,3,3,3,14.959,10.551,8.59,132.415,128.007,126.047
568,extreme,3,late,3,3,3,1,4.154,4.154,4.154,121.61,121.61,121.61
569,extreme,3,late,3,3,3,3,16.874,10.751,8.791,134.33,128.207,126.247
570,extreme,3,late,3,3,3,3,14.482,14.482,14.482,129.488,129.488,129.488
571,extreme,3,late,3,3,3,3,18.117,14.442,12.481,132.023,128.348,126.387
572,extreme,3,late,3,3,3,3,13.954,9.789,5.625,131.41,127.245,123.081
573,extreme,3,late,3,3,3,3,16.277,14.317,12.356,132.793,130.833,128.873
574,extreme,3,late,3,3,3,3,16.86,10.737,8.776,134.316,128.193,126.233
575,extreme,3,late,3,3,3,3,14.94,11.265,9.305,132.396,128.721,126.761
576,extreme,3,late,3,3,3,3,15.709,11.301,9.34,133.165,128.757,126.797
577,extreme,3,late,3,3,3,3,16.821,10.698,8.738,134.277,128.154,126.194
578,extreme,3,late,3,3,3,3,15.66,9.047,5.126,133.116,126.503,122.582
579,extreme,3,late,3,3,3,3,15.184,11.019,6.855,132.64,128.475,124.311
580,extreme,3,late,3,3,3,2,9.569,5.404,3.444,127.025,122.86,120.9
581,extreme,3,late,3,3,3,2,11.235,7.07,5.11,128.691,124.526,122.566
582,extreme,3,late,3,3,3,3,16.914,10.791,8.83,134.37,128.247,126.287
583,extreme,3,late,3,3,3,3,16.259,10.136,6.215,133.715,127.592,123.671
584,extreme,3,late,3,3,3,3,14.264,9.945,7.985,131.72,127.402,125.441
585,extreme,3,late,3,3,3,3,15.337,11.662,9.701,132.793,129.118,127.158
586,extreme,3,late,3,3,3,3,14.154,9.745,7.785,131.61,127.202,125.241
587,extreme,3,late,3,3,3,3,15.015,11.34,9.379,131.021,127.346,125.385
588,extreme,3,late,3,3,3,3,14.245,10.57,10.57,129.251,125.576,125.576
589,extreme,3,late,3,3,3,3,16.964,11.946,9.986,134.42,129.403,127.442
590,extreme,3,late,3,3,3,3,14.394,10.229,6.065,131.85,127.685,123.521
591,extreme,3,late,3,3,3,3,15.49,9.368,7.407,132.947,126.824,124.863
592,extreme,3,late,3,3,3,2,9.775,6.408,4.204,127.231,123.865,121.66
593,extreme,3,late,3,3,3,3,15.876,12.201,10.241,131.713,128.037,126.077
594,extreme,3,late,3,3,3,3,16.514,12.839,10.878,133.97,130.295,128.335
595,extreme,3,late,3,3,3,2,9.605,9.605,5.44,127.061,127.061,122.896
596,extreme,3,late,3,3,3,2,8.519,8.519,4.354,125.975,125.975,121.81
597,extreme,3,late,3,3,3,3,15.91,12.235,12.235,131.816,128.141,128.141
598,extreme,3,late,3,3,3,3,16.624,10.501,6.58,134.08,127.957,124.036
599,extreme,3,late,3,3,3,3,17.229,13.554,11.593,132.771,129.096,127.136
600,extreme,3,late,3,3,3,3,15.316,10.908,8.947,132.772,128.364,126.403
