run,k_reworks,realised_failures,timing_band,first_start_day,rework_types,passive_tardiness,model1_tardiness,model2_tardiness,passive_makespan,model1_makespan,model2_makespan
1,1,1,early,10.4,A,11.479,1.575,0.0,119.752,117.827,117.446
2,1,1,early,12.4,A,11.479,1.575,0.0,119.752,117.827,117.446
3,1,1,early,3.1,C,24.988,10.292,4.848,121.621,119.417,118.348
4,1,1,early,3.7,C,24.988,10.292,4.848,121.621,119.417,118.348
5,1,1,early,2.7,C,24.988,10.292,4.848,121.621,119.417,118.348
6,1,1,early,7.2,A,11.479,1.575,0.0,119.752,117.827,117.446
7,1,1,early,13.6,A,11.479,1.575,0.0,119.752,117.827,117.446
8,1,1,early,8.0,C,24.988,10.292,4.848,121.621,119.417,118.348
9,1,1,early,13.3,C,24.988,10.292,4.823,121.621,119.417,118.323
10,1,1,early,4.6,A,11.479,1.575,0.0,119.752,117.827,117.446
11,1,1,early,19.3,C,24.988,10.419,4.998,121.621,119.417,118.323
12,1,1,early,28.5,C,20.823,8.331,3.956,121.621,119.417,118.323
13,1,1,early,18.0,A,11.479,1.575,0.0,119.752,117.827,117.446
14,1,1,early,29.3,A,9.183,1.204,0.0,119.752,117.827,117.446
15,1,1,early,17.1,A,11.479,1.575,0.0,119.752,117.827,117.446
16,1,1,early,9.4,A,11.479,1.575,0.0,119.752,117.827,117.446
17,1,1,early,16.7,C,24.988,10.292,4.823,121.621,119.417,118.323
18,1,1,early,9.9,C,24.988,10.292,4.823,121.621,119.417,118.323
19,1,1,early,6.2,C,24.988,10.292,4.848,121.621,119.417,118.348
20,1,1,early,17.6,A,11.479,1.575,0.0,119.752,117.827,117.446
21,1,1,early,11.8,C,24.988,10.292,4.823,121.621,119.417,118.323
22,1,1,early,21.7,C,20.823,8.331,3.956,121.621,119.417,118.323
23,1,1,early,2.7,A,4.713,1.946,0.0,118.242,117.827,117.333
24,1,1,early,15.4,C,24.988,10.292,4.871,121.621,119.417,118.371
25,1,1,early,13.4,B,13.677,5.304,0.929,120.192,118.704,117.61
26,1,1,early,14.5,B,13.677,5.304,0.929,120.192,118.704,117.61
27,1,1,early,11.5,A,11.479,1.575,0.0,119.752,117.827,117.446
28,1,1,early,24.0,C,20.823,8.331,3.956,121.621,119.417,118.323
29,1,1,early,23.6,A,8.969,1.575,0.092,119.25,117.827,117.333
30,1,1,early,17.7,C,24.988,10.419,4.998,121.621,119.417,118.323
31,1,1,early,15.4,B,13.677,5.304,0.929,120.192,118.704,117.61
32,1,1,early,22.2,B,13.677,5.304,0.929,120.192,118.704,117.61
33,1,1,early,18.7,A,11.479,1.575,0.0,119.752,117.827,117.446
34,1,1,early,4.4,B,15.913,6.552,1.083,120.108,118.704,117.61
35,1,1,early,5.8,B,15.913,6.552,1.083,120.108,118.704,117.61
36,1,1,early,5.4,B,15.913,6.552,1.083,120.108,118.704,117.61
37,1,1,early,13.2,C,24.988,10.292,4.823,121.621,119.417,118.323
38,1,1,early,3.3,C,24.988,10.292,4.848,121.621,119.417,118.348
39,1,1,early,17.6,B,13.677,5.304,0.929,120.192,118.704,117.61
40,1,1,early,10.9,B,13.677,5.304,0.929,120.192,118.704,117.61
41,1,1,early,18.2,C,24.988,10.419,4.998,121.621,119.417,118.323
42,1,1,early,24.1,A,9.183,1.204,0.0,119.752,117.827,117.446
43,1,1,early,25.4,B,13.26,5.304,0.929,120.108,118.704,117.61
44,1,1,early,14.7,C,24.988,10.292,4.871,121.621,119.417,118.371
45,1,1,early,2.9,C,24.988,10.292,4.848,121.621,119.417,118.348
46,1,1,early,21.3,C,23.273,12.273,7.092,121.621,119.417,118.323
47,1,1,early,17.8,C,24.988,10.419,4.998,121.621,119.417,118.323
48,1,1,early,24.8,B,13.677,5.304,0.929,120.192,118.704,117.61
49,1,1,early,21.8,C,20.823,8.331,3.956,121.621,119.417,118.323
50,1,1,early,11.1,B,13.677,5.304,0.929,120.192,118.704,117.61
51,1,1,early,11.3,C,24.988,10.292,4.823,121.621,119.417,118.323
52,1,1,early,4.4,A,11.479,1.575,0.0,119.752,117.827,117.446
53,1,1,early,7.3,B,13.677,5.304,0.929,120.192,118.704,117.61
54,1,1,early,4.8,A,11.479,1.575,0.0,119.752,117.827,117.446
55,1,1,early,12.5,B,13.677,5.304,0.929,120.192,118.704,117.61
56,1,1,early,3.3,B,15.913,6.552,1.083,120.108,118.704,117.61
57,1,1,early,12.6,B,13.677,5.304,0.929,120.192,118.704,117.61
58,1,1,early,26.6,B,10.942,4.056,0.775,120.192,118.704,117.61
59,1,1,early,26.1,B,13.26,5.304,0.929,120.108,118.704,117.61
60,1,1,early,21.5,B,13.677,5.304,0.929,120.192,118.704,117.61
61,1,1,early,20.8,B,13.677,5.304,0.929,120.192,118.704,117.61
62,1,1,early,28.8,A,9.183,1.204,0.0,119.752,117.827,117.446
63,1,1,early,3.4,A,4.713,1.946,0.0,118.242,117.827,117.338
64,1,1,early,7.7,A,11.479,1.575,0.0,119.752,117.827,117.446
65,1,1,early,1.3,C,24.988,10.292,4.848,121.621,119.417,118.348
66,1,1,early,6.3,B,15.913,6.552,1.083,120.108,118.704,117.61
67,1,1,early,1.1,B,15.913,6.552,1.083,120.108,118.704,117.61
68,1,1,middle,61.6,A,5.525,0.833,0.0,119.298,117.827,117.446
69,1,1,middle,52.0,A,6.888,0.833,0.0,119.752,117.827,117.446
70,1,1,middle,62.4,C,12.494,4.41,2.223,121.621,119.417,118.323
71,1,1,middle,50.5,A,6.888,0.833,0.0,119.752,117.827,117.446
72,1,1,middle,67.2,A,4.592,0.463,0.0,119.752,117.827,117.446
73,1,1,middle,78.6,B,5.471,1.56,0.467,120.192,118.704,117.61
74,1,1,middle,74.7,A,4.592,0.463,0.0,119.752,117.827,117.446
75,1,1,middle,42.8,B,10.942,4.056,0.775,120.192,118.704,117.61
76,1,1,middle,52.0,A,6.888,0.833,0.0,119.752,117.827,117.446
77,1,1,middle,89.4,B,2.735,0.312,0.312,120.192,117.769,117.769
78,1,1,middle,58.9,A,6.888,0.833,0.0,119.752,117.827,117.446
79,1,1,middle,71.9,B,5.471,1.56,0.467,120.192,118.704,117.61
80,1,1,middle,57.4,C,16.658,6.498,3.265,121.621,119.417,118.323
81,1,1,middle,89.3,B,2.735,0.312,0.312,120.192,117.769,117.769
82,1,1,middle,35.8,A,9.183,1.204,0.0,119.752,117.827,117.446
83,1,1,middle,44.4,A,6.888,0.833,0.0,119.752,117.827,117.446
84,1,1,middle,50.9,B,8.206,2.808,0.621,120.192,118.704,117.61
85,1,1,middle,67.8,C,12.494,4.41,2.223,121.621,119.417,118.323
86,1,1,middle,80.6,B,5.471,1.56,0.467,120.192,118.704,117.61
87,1,1,middle,84.6,B,2.735,0.312,0.312,120.192,117.769,117.769
88,1,1,middle,78.2,A,4.592,0.463,0.0,119.752,117.827,117.446
89,1,1,middle,80.2,A,3.875,0.463,0.0,119.394,117.827,117.333
90,1,1,middle,84.7,C,8.329,2.45,1.356,121.621,119.417,118.323
91,1,1,middle,75.3,B,5.471,1.56,0.467,120.192,118.704,117.61
92,1,1,middle,83.5,B,5.304,1.56,0.467,120.108,118.704,117.61
93,1,1,middle,77.6,B,5.471,1.56,0.467,120.192,118.704,117.61
94,1,1,middle,36.1,C,20.823,8.331,3.956,121.621,119.417,118.323
95,1,1,middle,54.4,B,8.206,2.808,0.621,120.192,118.704,117.61
96,1,1,middle,74.9,A,4.592,0.463,0.0,119.752,117.827,117.446
97,1,1,middle,73.8,A,4.592,0.463,0.0,119.752,117.827,117.446
98,1,1,middle,89.6,A,2.296,0.092,0.0,119.752,117.548,117.215
99,1,1,middle,39.9,B,10.942,4.056,0.775,120.192,118.704,117.61
100,1,1,middle,78.6,A,4.592,0.463,0.0,119.752,117.827,117.446
101,1,1,middle,67.1,C,12.494,4.41,2.223,121.621,119.417,118.323
102,1,1,middle,88.8,C,8.329,2.45,1.356,121.621,119.417,118.323
103,1,1,middle,86.3,A,2.296,0.092,0.0,119.752,117.548,117.215
104,1,1,middle,63.4,A,4.592,0.463,0.0,119.752,117.827,117.446
105,1,1,middle,32.3,C,20.823,8.331,3.956,121.621,119.417,118.323
106,1,1,middle,69.3,C,12.494,4.41,2.223,121.621,119.417,118.323
107,1,1,middle,75.2,A,4.592,0.463,0.0,119.752,117.827,117.446
108,1,1,middle,56.6,A,6.888,0.833,0.0,119.752,117.827,117.446
109,1,1,middle,79.7,A,3.971,0.463,0.0,119.442,117.827,117.333
110,1,1,middle,32.7,A,9.183,1.204,0.0,119.752,117.827,117.446
111,1,1,middle,48.3,A,6.888,0.833,0.0,119.752,117.827,117.446
112,1,1,middle,76.1,B,5.471,1.56,0.467,120.192,118.704,117.61
113,1,1,middle,46.3,B,8.206,2.808,0.621,120.192,118.704,117.61
114,1,1,middle,80.2,A,3.875,0.463,0.0,119.394,117.827,117.333
115,1,1,middle,84.7,B,2.735,0.312,0.312,120.192,117.769,117.769
116,1,1,middle,84.0,C,8.329,2.45,1.356,121.621,119.417,118.323
117,1,1,middle,65.4,C,12.494,4.41,2.223,121.621,119.417,118.323
118,1,1,middle,55.8,C,16.658,6.371,3.09,121.621,119.417,118.323
119,1,1,middle,38.7,A,9.183,1.204,0.0,119.752,117.827,117.446
120,1,1,middle,61.9,A,5.381,0.833,0.092,119.25,117.827,117.333
121,1,1,middle,82.5,A,2.296,0.092,0.0,119.752,117.548,117.215
122,1,1,middle,66.9,A,4.592,0.463,0.0,119.752,117.827,117.446
123,1,1,middle,41.2,B,10.942,4.056,0.775,120.192,118.704,117.61
124,1,1,middle,67.5,A,4.592,0.463,0.0,119.752,117.827,117.446
125,1,1,middle,63.8,B,7.956,2.808,0.621,120.108,118.704,117.61
126,1,1,middle,71.3,C,12.494,4.41,2.223,121.621,119.417,118.323
127,1,1,middle,63.8,A,4.592,0.463,0.0,119.752,117.827,117.446
128,1,1,middle,83.1,A,2.296,0.092,0.0,119.752,117.548,117.215
129,1,1,middle,45.7,B,8.206,2.808,0.621,120.192,118.704,117.61
130,1,1,middle,33.5,A,9.183,1.204,0.0,119.752,117.827,117.446
131,1,1,middle,61.0,C,12.494,4.41,2.223,121.621,119.417,118.323
132,1,1,middle,32.6,A,9.183,1.204,0.0,119.752,117.827,117.446
133,1,1,middle,57.2,C,16.658,6.498,3.265,121.621,119.417,118.323
134,1,1,middle,88.4,C,8.329,2.45,1.356,121.621,119.417,118.323
135,1,1,late,115.4,C,4.165,0.49,0.49,121.621,117.946,117.946
136,1,1,late,94.7,A,2.296,0.092,0.0,119.752,117.548,117.215
137,1,1,late,116.2,C,2.45,2.45,2.45,119.906,119.906,119.906
138,1,1,late,110.4,C,4.165,0.49,0.49,121.621,117.946,117.946
139,1,1,late,101.4,C,4.165,0.49,0.49,121.621,117.946,117.946
140,1,1,late,95.2,C,8.329,2.577,1.531,121.621,119.417,118.371
141,1,1,late,112.6,C,4.165,0.49,0.49,121.621,117.946,117.946
142,1,1,late,109.4,C,4.165,0.49,0.49,121.621,117.946,117.946
143,1,1,late,99.8,A,1.89,0.092,0.0,119.346,117.548,117.123
144,1,1,late,100.3,A,1.794,0.092,0.092,119.25,117.548,117.548
145,1,1,late,109.8,C,4.165,0.49,0.49,121.621,117.946,117.946
146,1,1,late,99.8,B,2.735,0.312,0.312,120.192,117.769,117.769
147,1,1,late,102.5,B,2.652,0.312,0.312,120.108,117.769,117.769
148,1,1,late,101.0,C,4.165,0.49,0.49,121.621,117.946,117.946
149,1,1,late,104.3,C,4.165,0.49,0.49,121.621,117.946,117.946
150,1,1,late,93.9,A,2.296,0.092,0.0,119.752,117.548,117.215
151,1,1,late,116.3,C,2.45,2.45,2.45,119.906,119.906,119.906
152,1,1,late,93.2,B,2.735,0.312,0.312,120.192,117.769,117.769
153,1,1,late,92.0,A,2.296,0.092,0.0,119.752,117.548,117.215
154,1,1,late,98.0,A,2.296,0.092,0.0,119.752,117.548,117.215
155,1,1,late,92.8,A,2.296,0.092,0.0,119.752,117.548,117.215
156,1,1,late,98.5,A,2.081,0.092,0.0,119.537,117.548,117.215
157,1,1,late,113.8,C,4.165,0.49,0.49,121.621,117.946,117.946
158,1,1,late,103.1,C,4.165,0.49,0.49,121.621,117.946,117.946
159,1,1,late,112.1,C,4.165,0.49,0.49,121.621,117.946,117.946
160,1,1,late,112.6,C,4.165,0.49,0.49,121.621,117.946,117.946
161,1,1,late,107.2,C,4.165,0.49,0.49,121.621,117.946,117.946
162,1,1,late,91.6,C,8.329,2.45,1.356,121.621,119.417,118.323
163,1,1,late,110.6,C,4.165,0.49,0.49,121.621,117.946,117.946
164,1,1,late,102.7,C,4.165,0.49,0.49,121.621,117.946,117.946
165,1,1,late,114.8,C,4.165,0.49,0.49,121.621,117.946,117.946
166,1,1,late,116.7,C,2.45,2.45,2.45,119.906,119.906,119.906
167,1,1,late,105.3,C,4.165,0.49,0.49,121.621,117.946,117.946
168,1,1,late,106.8,C,4.165,0.49,0.49,121.621,117.946,117.946
169,1,1,late,105.8,C,4.165,0.49,0.49,121.621,117.946,117.946
170,1,1,late,94.0,B,2.735,0.312,0.312,120.192,117.769,117.769
171,1,1,late,98.4,B,2.735,0.312,0.312,120.192,117.769,117.769
172,1,1,late,94.0,C,8.329,2.45,1.356,121.621,119.417,118.323
173,1,1,late,112.7,C,4.165,0.49,0.49,121.621,117.946,117.946
174,1,1,late,92.8,A,2.296,0.092,0.0,119.752,117.548,117.215
175,1,1,late,98.9,A,1.985,0.092,0.0,119.442,117.548,117.123
176,1,1,late,92.7,A,2.296,0.092,0.0,119.752,117.548,117.215
177,1,1,late,95.0,C,8.329,2.577,1.531,121.621,119.417,118.371
178,1,1,late,113.5,C,4.165,0.49,0.49,121.621,117.946,117.946
179,1,1,late,105.2,C,4.165,0.49,0.49,121.621,117.946,117.946
180,1,1,late,116.4,C,2.45,2.45,2.45,119.906,119.906,119.906
181,1,1,late,95.1,A,2.296,0.092,0.0,119.752,117.548,117.215
182,1,1,late,102.8,C,4.165,0.49,0.49,121.621,117.946,117.946
183,1,1,late,105.1,C,4.165,0.49,0.49,121.621,117.946,117.946
184,1,1,late,92.2,A,2.296,0.092,0.0,119.752,117.548,117.215
185,1,1,late,91.3,B,2.735,0.312,0.312,120.192,117.769,117.769
186,1,1,late,114.5,C,4.165,0.49,0.49,121.621,117.946,117.946
187,1,1,late,95.8,B,2.735,0.312,0.312,120.192,117.769,117.769
188,1,1,late,91.7,A,2.296,0.092,0.0,119.752,117.548,117.215
189,1,1,late,114.6,C,4.165,0.49,0.49,121.621,117.946,117.946
190,1,1,late,95.7,C,8.329,2.577,1.531,121.621,119.417,118.371
191,1,1,late,109.6,C,4.165,0.49,0.49,121.621,117.946,117.946
192,1,1,late,100.4,B,2.735,0.312,0.312,120.192,117.769,117.769
193,1,1,late,110.2,C,4.165,0.49,0.49,121.621,117.946,117.946
194,1,1,late,96.7,C,6.615,4.431,3.625,121.621,119.417,118.61
195,1,1,late,101.0,C,4.165,0.49,0.49,121.621,117.946,117.946
196,1,1,late,109.4,C,4.165,0.49,0.49,121.621,117.946,117.946
197,1,1,late,93.7,A,2.296,0.092,0.0,119.752,117.548,117.215
198,1,1,late,108.9,C,4.165,0.49,0.49,121.621,117.946,117.946
199,1,1,late,92.5,C,8.329,2.45,1.356,121.621,119.417,118.323
200,1,1,late,110.6,C,4.165,0.49,0.49,121.621,117.946,117.946
201,2,2,early,24.8,C|C,24.988,8.821,5.221,125.785,119.906,119.588
202,2,2,early,12.8,C|C,37.481,14.702,10.008,125.785,121.377,120.283
203,2,2,early,15.3,B|A,20.565,6.138,1.671,122.487,119.075,117.981
204,2,2,early,24.2,A|B,19.792,5.26,5.475,122.404,119.075,117.981
205,2,2,early,28.2,B|A,13.238,4.148,0.867,122.487,118.796,117.702
206,2,2,early,18.6,B|A,22.86,6.508,2.133,122.487,119.075,117.981
207,2,2,early,14.2,C|B,33.194,13.1,7.769,124.356,120.665,119.571
208,2,2,early,27.9,A|A,16.071,2.038,0.135,122.048,118.198,117.44
209,2,2,early,16.3,A|A,20.663,2.779,0.0,122.048,118.198,117.44
210,2,2,early,8.6,B|C,34.5,14.327,9.775,124.356,120.665,119.571
211,2,2,early,9.8,B|B,16.413,5.617,1.742,122.927,119.017,118.423
212,2,2,early,15.5,B|A,22.86,6.508,2.133,122.487,119.075,117.981
213,2,2,early,29.8,A|C,30.006,9.535,5.069,123.917,119.787,118.694
214,2,2,early,15.7,C|C,29.152,10.781,6.088,125.785,119.906,119.588
215,2,2,early,8.1,C|C,41.646,16.79,11.969,125.785,121.377,120.283
216,2,2,early,13.5,B|C,26.171,9.715,6.115,124.356,120.665,119.571
217,2,2,early,9.9,A|B,22.421,5.631,3.51,122.487,119.075,117.981
218,2,2,early,6.8,C|C,29.152,10.781,6.088,125.785,119.906,119.588
219,2,2,early,12.7,A|A,18.367,2.408,0.0,122.048,118.198,117.392
220,2,2,early,1.4,B|B,21.383,8.113,2.781,122.844,119.952,118.858
221,2,2,early,5.7,B|C,40.9,17.535,11.89,124.273,120.665,119.571
222,2,2,early,20.4,A|C,28.138,7.946,4.254,123.917,119.787,118.694
223,2,2,early,9.5,A|B,19.685,4.383,2.985,122.487,119.075,117.981
224,2,2,early,13.9,B|C,30.335,11.675,8.075,124.356,120.665,119.571
225,2,2,early,10.4,B|A,24.74,6.879,2.1,122.404,119.075,117.981
226,2,2,early,11.3,B|A,24.74,6.879,2.1,122.404,119.075,117.981
227,2,2,early,14.8,A|A,16.071,2.038,0.0,122.048,118.198,117.392
228,2,2,early,15.6,B|A,24.74,6.879,2.1,122.404,119.075,117.981
229,2,2,early,5.2,B|A,20.504,7.015,1.454,122.404,119.075,117.981
230,2,2,early,9.7,A|C,22.258,7.967,3.929,123.917,119.787,118.694
231,2,2,early,28.8,A|C,13.348,1.694,0.542,123.917,118.317,117.998
232,2,2,early,23.2,B|A,15.973,5.396,0.929,122.487,118.796,117.61
233,2,2,early,9.2,A|A,16.071,2.038,0.0,122.048,118.198,117.392
234,2,2,early,24.9,C|C,29.152,10.781,7.181,125.785,121.377,120.283
235,2,2,early,13.4,C|A,27.283,10.383,4.823,123.917,119.508,118.323
236,2,2,early,27.4,C|A,23.119,8.423,4.096,123.917,119.508,118.463
237,2,2,early,25.0,C|C,31.602,14.723,9.142,125.785,121.377,120.283
238,2,2,early,28.7,A|A,11.479,1.296,0.0,122.048,117.919,117.306
239,2,2,early,2.2,A|B,10.183,3.506,0.65,120.977,119.075,117.981
240,2,2,early,25.2,C|A,25.415,8.794,4.327,123.917,119.787,118.694
241,2,2,early,19.2,B|B,16.413,5.617,1.742,122.927,119.017,118.423
242,2,2,early,1.1,C|C,33.317,12.742,8.048,125.785,121.377,120.283
243,2,2,early,27.0,C|A,30.006,9.535,5.069,123.917,119.787,118.694
244,2,2,early,22.6,A|B,15.158,3.135,3.588,122.129,119.075,118.029
245,2,2,early,7.8,A|C,19.808,4.025,1.779,123.917,119.787,118.694
246,2,2,early,19.8,B|A,18.269,5.767,4.446,122.487,119.075,117.981
247,2,2,early,14.9,A|C,19.808,4.025,1.779,123.917,119.787,118.694
248,2,2,early,19.4,C|A,34.171,11.623,9.256,123.917,119.787,118.694
249,2,2,early,10.6,C|B,30.458,11.852,9.438,124.356,120.665,119.571
250,2,2,early,19.0,B|A,22.86,6.508,2.133,122.487,119.075,117.981
251,2,2,early,15.1,A|C,15.644,2.065,1.202,123.917,118.317,118.658
252,2,2,early,20.6,C|B,31.479,15.081,12.954,124.356,120.665,119.571
253,2,2,early,14.5,A|C,23.973,5.985,3.017,123.917,119.787,118.694
254,2,2,early,6.8,B|C,20.077,7.042,2.348,124.273,119.194,118.875
255,2,2,early,9.4,C|B,38.665,15.596,10.265,124.356,120.665,119.571
256,2,2,early,29.8,A|A,13.775,1.667,0.0,122.048,118.198,117.344
257,2,2,early,17.9,C|B,35.929,14.475,9.192,124.356,120.665,119.571
258,2,2,early,28.6,C|C,39.931,18.26,15.719,125.785,121.377,120.283
259,2,2,early,9.1,B|A,24.74,6.879,2.1,122.404,119.075,117.981
260,2,2,early,15.4,B|C,17.842,5.794,2.194,124.356,119.194,118.875
261,2,2,early,5.6,C|C,29.152,10.781,6.088,125.785,119.906,119.588
262,2,2,early,12.8,B|B,16.413,5.617,1.742,122.927,119.017,118.423
263,2,2,early,11.9,B|A,22.86,6.508,2.133,122.487,119.075,117.981
264,2,2,early,10.4,B|A,20.565,6.138,1.671,122.487,119.075,117.981
265,2,2,early,28.3,A|C,25.842,7.61,4.05,123.917,119.787,118.694
266,2,2,early,9.4,B|B,21.883,8.113,6.792,122.927,119.952,118.858
267,2,2,early,30.0,B|B,16.413,5.617,5.39,122.927,119.952,118.858
268,2,2,middle,62.7,B|C,10.656,5.258,1.885,122.642,121.154,118.875
269,2,2,middle,69.0,B|C,9.635,2.05,1.731,124.356,119.194,118.875
270,2,2,middle,63.3,B|C,20.7,7.91,5.546,124.356,120.665,119.571
271,2,2,middle,69.3,A|B,9.896,2.023,0.525,122.404,119.075,117.981
272,2,2,middle,83.2,A|C,6.46,0.617,0.338,123.917,118.073,117.794
273,2,2,middle,44.4,B|A,15.2,4.519,4.292,122.404,119.075,117.981
274,2,2,middle,60.1,C|B,15.229,4.723,3.035,124.356,119.729,119.135
275,2,2,middle,52.4,A|B,12.358,2.394,4.425,122.487,119.075,118.125
276,2,2,middle,74.6,A|B,7.327,0.775,0.0,122.487,118.14,117.367
277,2,2,middle,88.2,A|A,3.081,0.183,0.0,120.537,117.64,117.306
278,2,2,middle,58.4,B|A,12.798,3.271,0.992,122.487,119.075,117.981
279,2,2,middle,87.2,A|B,4.948,0.404,1.227,122.404,117.86,118.683
280,2,2,middle,59.6,A|C,11.052,1.323,0.542,123.917,118.317,117.998
281,2,2,middle,85.4,A|C,10.625,2.542,1.448,123.917,119.508,118.415
282,2,2,middle,39.4,A|A,16.071,2.038,0.135,122.048,118.198,117.44
283,2,2,middle,54.2,B|C,12.371,3.298,1.885,124.356,119.194,118.875
284,2,2,middle,89.9,B|C,6.9,1.494,1.494,124.356,118.95,118.95
285,2,2,middle,41.9,C|C,20.823,6.86,4.354,125.785,119.906,119.588
286,2,2,middle,32.9,B|B,13.677,4.369,1.588,122.927,119.017,118.423
287,2,2,middle,89.1,A|B,4.948,0.404,0.0,122.404,117.86,117.435
288,2,2,middle,35.6,B|A,18.167,5.26,1.575,121.998,119.075,117.981
289,2,2,middle,64.1,B|C,12.121,3.298,1.885,124.273,119.194,118.875
290,2,2,middle,76.4,B|A,7.767,1.652,0.467,122.487,118.796,117.61
291,2,2,middle,33.9,B|C,23.435,8.467,5.96,124.356,120.665,119.571
292,2,2,middle,85.3,B|C,11.065,2.763,2.169,124.356,119.729,119.135
293,2,2,middle,83.9,B|A,4.948,0.404,0.0,122.404,117.86,117.435
294,2,2,middle,78.9,A|C,8.756,0.952,0.617,123.917,118.317,118.073
295,2,2,middle,33.1,A|B,19.792,5.26,5.475,122.404,119.075,117.981
296,2,2,middle,42.5,C|B,24.865,9.179,8.952,124.356,120.665,119.571
297,2,2,middle,52.4,C|A,21.25,6.833,6.606,123.917,119.787,118.694
298,2,2,middle,46.5,B|B,10.942,3.121,1.071,122.927,119.017,118.06
299,2,2,middle,48.5,C|C,23.273,10.802,6.315,125.785,121.377,120.283
300,2,2,middle,86.8,A|A,3.081,0.183,0.0,120.537,117.64,117.306
301,2,2,middle,59.0,B|C,12.371,3.298,1.885,124.356,119.194,118.875
302,2,2,middle,84.9,A|C,6.46,0.617,0.338,123.917,118.073,117.794
303,2,2,middle,41.8,C|C,20.823,6.86,4.354,125.785,119.906,119.588
304,2,2,middle,79.5,C|C,12.494,2.94,2.621,125.785,119.906,119.588
305,2,2,middle,50.3,B|C,20.7,7.91,5.546,124.356,120.665,119.571
306,2,2,middle,35.7,A|A,16.071,2.038,0.135,122.048,118.198,117.44
307,2,2,middle,55.1,B|C,16.535,5.385,3.846,124.356,120.665,119.571
308,2,2,middle,63.1,B|A,12.798,3.271,0.992,122.487,119.075,117.981
309,2,2,middle,89.3,A|A,3.081,0.183,0.0,120.537,117.64,117.306
310,2,2,middle,36.7,C|B,26.294,9.892,8.571,124.356,120.665,119.571
311,2,2,middle,41.2,B|C,27.6,11.119,7.66,124.356,120.665,119.571
312,2,2,middle,83.6,C|C,16.658,6.127,5.033,125.785,121.377,120.283
313,2,2,middle,75.8,B|C,9.635,2.05,1.731,124.356,119.194,118.875
314,2,2,middle,47.5,B|C,20.7,7.91,5.546,124.356,120.665,119.571
315,2,2,middle,46.4,A|A,11.479,1.296,0.506,122.048,118.198,117.392
316,2,2,middle,44.9,C|A,21.25,6.833,6.606,123.917,119.787,118.694
317,2,2,middle,50.3,A|C,19.381,5.279,2.813,123.917,119.787,118.694
318,2,2,middle,62.1,A|C,11.206,4.802,2.692,123.917,119.787,118.79
319,2,2,middle,58.4,A|B,14.844,3.642,1.05,122.404,119.075,117.981
320,2,2,middle,83.1,B|B,8.04,1.873,0.917,122.844,119.017,118.06
321,2,2,middle,33.4,A|A,16.071,2.038,0.135,122.048,118.198,117.44
322,2,2,middle,42.2,C|C,20.823,6.86,4.354,125.785,119.906,119.588
323,2,2,middle,85.9,A|B,4.948,0.404,0.0,122.404,117.86,117.435
324,2,2,middle,66.6,C|C,16.658,4.9,3.488,125.785,119.906,119.588
325,2,2,middle,37.2,C|B,23.558,8.771,5.267,124.356,119.729,119.458
326,2,2,middle,43.8,A|A,11.479,1.296,0.506,122.048,118.198,117.392
327,2,2,middle,43.0,C|C,29.152,10.781,8.275,125.785,121.377,120.283
328,2,2,middle,69.4,A|B,9.896,2.023,0.525,122.404,119.075,117.981
329,2,2,middle,55.1,C|B,22.129,7.931,7.704,124.356,120.665,119.571
330,2,2,middle,35.6,B|C,31.765,12.515,8.277,124.356,120.665,119.571
331,2,2,middle,59.5,B|C,16.535,5.258,3.846,124.356,120.665,119.571
332,2,2,middle,63.5,A|C,11.206,4.802,2.692,123.917,119.787,118.79
333,2,2,middle,40.7,B|B,13.677,4.369,1.588,122.927,119.017,118.423
334,2,2,middle,70.4,A|B,7.327,0.775,0.0,122.487,118.14,117.367
335,2,2,late,107.1,C|C,8.329,2.206,2.206,125.785,119.662,119.662
336,2,2,late,95.8,B|C,6.9,1.494,1.317,124.356,118.95,118.773
337,2,2,late,95.1,A|B,4.948,0.404,1.227,122.404,117.86,118.683
338,2,1,late,116.2,C|C,2.45,2.45,2.45,119.906,119.906,119.906
339,2,2,late,114.0,C|C,6.615,2.45,2.45,124.071,119.906,119.906
340,2,2,late,94.1,C|C,12.494,2.94,2.621,125.785,119.906,119.588
341,2,2,late,107.9,C|C,8.329,2.206,2.206,125.785,119.662,119.662
342,2,2,late,101.1,C|C,8.329,2.206,2.206,125.785,119.662,119.662
343,2,2,late,91.6,B|C,6.9,1.494,1.317,124.356,118.95,118.773
344,2,2,late,97.1,B|C,6.9,1.494,1.317,124.356,118.95,118.773
345,2,2,late,112.1,C|C,8.329,2.206,2.206,125.785,119.662,119.662
346,2,2,late,100.3,B|C,6.9,1.494,1.317,124.356,118.95,118.773
347,2,2,late,92.1,C|B,11.065,2.763,2.169,124.356,119.729,119.135
348,2,2,late,111.2,C|C,8.329,2.206,2.206,125.785,119.662,119.662
349,2,2,late,108.0,C|C,8.329,2.206,2.206,125.785,119.662,119.662
350,2,1,late,116.9,C|C,2.45,2.45,2.45,119.906,119.906,119.906
351,2,2,late,94.4,B|C,6.9,1.494,1.494,124.356,118.95,118.95
352,2,2,late,108.8,C|C,8.329,2.206,2.206,125.785,119.662,119.662
353,2,2,late,112.7,C|C,8.329,2.206,2.206,125.785,119.662,119.662
354,2,2,late,99.4,B|C,6.9,1.494,1.317,124.356,118.95,118.773
355,2,2,late,93.0,A|B,4.948,0.404,0.0,122.404,117.86,117.435
356,2,2,late,102.6,B|C,6.817,1.494,1.317,124.273,118.95,118.773
357,2,2,late,108.1,C|C,8.329,2.206,2.206,125.785,119.662,119.662
358,2,2,late,107.0,C|C,8.329,2.206,2.206,125.785,119.662,119.662
359,2,2,late,108.4,C|C,8.329,2.206,2.206,125.785,119.662,119.662
360,2,2,late,107.4,C|C,6.615,2.45,2.45,124.071,119.906,119.906
361,2,2,late,109.5,C|C,8.329,2.206,2.206,125.785,119.662,119.662
362,2,1,late,116.4,C|C,2.45,2.45,2.45,119.906,119.906,119.906
363,2,2,late,106.3,C|C,8.329,2.206,2.206,125.785,119.662,119.662
364,2,2,late,91.9,B|C,6.9,1.494,1.317,124.356,118.95,118.773
365,2,2,late,106.6,C|C,8.329,2.206,2.206,125.785,119.662,119.662
366,2,2,late,99.0,A|B,4.638,0.404,1.227,122.094,117.86,118.683
367,2,2,late,100.3,A|C,5.958,0.617,0.581,123.415,118.073,118.037
368,2,2,late,102.5,B|C,5.102,2.45,2.45,122.558,119.906,119.906
369,2,2,late,93.0,B|C,6.9,1.494,1.317,124.356,118.95,118.773
370,2,2,late,105.4,C|C,6.615,2.45,2.45,124.071,119.906,119.906
371,2,2,late,91.2,B|C,6.9,1.494,1.317,124.356,118.95,118.773
372,2,2,late,102.6,C|C,8.329,2.206,2.206,125.785,119.662,119.662
373,2,2,late,112.7,C|C,8.329,2.206,2.206,125.785,119.662,119.662
374,2,2,late,112.0,C|C,8.329,2.206,2.206,125.785,119.662,119.662
375,2,2,late,104.6,C|C,8.329,2.206,2.206,125.785,119.662,119.662
376,2,2,late,92.8,B|C,5.185,2.45,2.45,122.642,119.906,119.906
377,2,2,late,95.2,C|A,10.625,2.669,1.531,123.917,119.508,118.371
378,2,2,late,107.5,C|C,6.615,2.45,2.45,124.071,119.906,119.906
379,2,2,late,102.7,B|C,6.817,1.494,1.317,124.273,118.95,118.773
380,2,2,late,105.7,C|C,8.329,2.206,2.206,125.785,119.662,119.662
381,2,2,late,99.5,B|C,6.9,1.494,1.317,124.356,118.95,118.773
382,2,2,late,106.0,C|C,6.615,2.45,2.45,124.071,119.906,119.906
383,2,1,late,116.0,C|C,2.45,2.45,2.45,119.906,119.906,119.906
384,2,2,late,113.2,C|C,8.329,2.206,2.206,125.785,119.662,119.662
385,2,2,late,96.6,A|B,4.948,0.404,0.0,122.404,117.86,117.435
386,2,2,late,110.9,C|C,8.329,2.206,2.206,125.785,119.662,119.662
387,2,2,late,97.4,C|C,10.779,4.921,4.602,125.785,119.906,119.588
388,2,2,late,98.6,B|C,6.9,1.494,1.317,124.356,118.95,118.773
389,2,2,late,100.9,C|C,6.615,2.45,2.45,124.071,119.906,119.906
390,2,2,late,95.3,A|C,6.46,0.617,0.338,123.917,118.073,117.794
391,2,2,late,94.0,B|C,6.9,1.494,1.317,124.356,118.95,118.773
392,2,2,late,112.3,C|C,8.329,2.206,2.206,125.785,119.662,119.662
393,2,2,late,110.7,C|C,6.615,2.45,2.45,124.071,119.906,119.906
394,2,2,late,108.2,C|C,8.329,2.206,2.206,125.785,119.662,119.662
395,2,2,late,98.4,C|C,8.329,2.206,2.206,125.785,119.662,119.662
396,2,2,late,112.5,C|C,6.615,2.45,2.45,124.071,119.906,119.906
397,2,2,late,92.5,B|C,6.9,1.494,1.317,124.356,118.95,118.773
398,2,2,late,98.6,A|C,4.483,2.45,0.338,121.94,119.906,117.794
399,2,2,late,93.5,C|C,12.494,2.94,2.621,125.785,119.906,119.588
400,2,2,late,102.4,C|C,8.329,2.206,2.206,125.785,119.662,119.662
401,3,3,early,8.4,C|B|C,37.358,13.59,11.95,128.521,121.154,120.835
402,3,3,early,10.3,A|C|B,47.408,15.923,10.5,126.652,121.035,119.942
403,3,3,early,20.7,B|A|C,27.025,6.998,3.398,126.652,119.565,119.246
404,3,3,early,19.5,C|C|C,45.81,17.279,13.408,129.95,121.867,121.548
405,3,3,early,8.3,C|B|C,34.623,12.342,7.785,128.521,121.154,120.835
406,3,3,early,11.9,B|A|B,31.067,9.317,7.996,125.223,120.323,119.229
407,3,3,early,7.7,B|C|C,30.335,10.204,7.379,128.521,121.154,120.835
408,3,3,early,10.0,C|C|C,33.317,12.498,8.048,129.95,121.623,121.548
409,3,3,early,22.7,C|B|B,39.971,15.196,11.096,127.092,121.912,120.819
410,3,3,early,15.9,A|C|C,36.467,10.431,6.552,128.081,120.277,119.958
411,3,3,early,1.6,A|C|B,40.642,16.329,13.6,125.142,121.035,119.942
412,3,3,early,16.5,A|A|B,26.323,5.217,5.644,124.7,119.446,118.352
413,3,3,early,19.1,A|C|A,36.894,10.404,5.658,126.213,120.158,119.065
414,3,3,early,14.1,C|B|B,49.606,19.652,14.458,127.092,121.912,120.819
415,3,3,early,24.5,C|B|C,35.929,12.877,9.415,128.521,121.154,120.835
416,3,3,early,18.5,A|A|A,17.642,2.5,0.019,122.833,118.569,117.475
417,3,3,early,2.8,A|A|A,25.375,4.725,0.056,122.833,118.569,117.475
418,3,3,early,1.4,A|B|C,14.348,3.996,1.86,125.142,119.565,119.246
419,3,3,early,16.0,B|C|A,24.302,7.846,4.154,126.652,120.756,119.571
420,3,3,early,15.7,C|B|C,46.994,18.046,13.49,128.521,122.625,121.531
421,3,3,early,16.6,B|A|C,33.058,10.583,6.948,126.652,121.035,119.942
422,3,3,early,20.0,B|A|C,25.31,8.958,3.398,124.938,121.525,119.246
423,3,3,early,4.6,B|C|C,24.242,8.758,4.308,128.438,120.91,120.835
424,3,3,early,19.4,C|B|B,30.375,11.044,6.696,127.008,120.042,120.021
425,3,3,early,19.6,C|A|C,36.621,13.967,9.469,128.081,120.277,119.958
426,3,3,early,8.6,A|C|B,35.038,10.254,5.738,126.652,120.1,119.144
427,3,3,early,6.6,B|C|C,45.065,17.333,13.415,128.438,122.625,121.531
428,3,3,early,29.5,B|C|C,27.6,9.083,7.225,128.521,121.154,120.835
429,3,3,early,25.9,C|B|A,28.59,9.983,5.794,126.652,120.756,119.71
430,3,3,early,12.4,A|A|A,17.642,2.5,0.019,122.833,118.569,117.475
431,3,3,early,1.8,B|A|C,31.556,8.617,3.831,126.569,119.565,119.246
432,3,3,early,1.9,A|C|A,34.292,12.735,10.321,124.702,120.158,119.065
433,3,3,early,22.4,B|A|C,33.64,12.9,7.319,126.652,121.035,119.942
434,3,3,early,26.8,C|B|C,35.929,12.877,9.415,128.521,121.154,120.835
435,3,3,early,8.2,C|A|C,57.29,20.233,15.504,128.081,121.748,120.654
436,3,3,early,19.3,C|A|B,39.642,13.183,10.954,126.652,121.035,119.942
437,3,3,early,10.3,B|B|A,33.825,11.442,6.975,125.14,120.323,119.229
438,3,3,early,21.8,C|C|B,45.688,17.51,14.048,128.521,122.625,121.531
439,3,3,early,25.7,B|A|B,27.915,8.069,3.831,125.14,120.323,119.229
440,3,3,early,16.0,A|C|C,44.796,14.352,10.473,128.081,121.748,120.654
441,3,3,early,7.3,B|A|C,28.904,7.369,3.365,126.569,119.565,119.246
442,3,3,early,1.0,A|A|B,16.631,3.463,0.248,123.273,118.51,117.704
443,3,3,early,15.2,A|B|C,25.279,6.277,5.01,126.652,121.035,120.037
444,3,3,early,11.1,A|B|A,24.358,5.723,3.51,124.425,119.167,117.981
445,3,3,early,28.2,C|A|B,36.204,12.344,8.015,126.15,121.035,119.942
446,3,3,early,23.8,C|B|B,26.21,8.956,5.654,127.008,120.042,120.021
447,3,3,early,3.8,C|C|C,33.317,12.498,8.048,129.95,121.623,121.548
448,3,3,early,26.8,B|B|C,38.208,16.11,12.652,127.008,121.912,120.819
449,3,3,early,15.5,A|B|C,23.85,4.873,4.25,126.652,119.565,119.246
450,3,3,early,16.4,C|A|B,29.935,10.696,5.423,126.569,119.821,118.923
451,3,3,early,17.9,B|C|C,30.335,10.204,7.379,128.521,121.154,120.835
452,3,3,early,5.9,C|A|A,34.171,11.217,6.027,126.213,119.879,119.156
453,3,3,early,10.7,C|A|B,32.315,11.067,5.644,126.652,120.1,119.144
454,3,3,early,9.7,A|C|A,21.602,4.117,1.779,125.71,119.879,118.694
455,3,3,early,29.3,B|A|A,14.023,4.24,0.821,123.273,118.888,117.656
456,3,3,early,10.5,C|A|C,38.335,11.985,7.2,128.081,120.277,119.958
457,3,3,early,28.9,A|B|C,32.285,9.671,10.517,126.569,121.035,119.942
458,3,3,early,9.6,A|B|A,33.923,8.083,3.304,124.7,119.446,118.352
459,3,3,early,26.7,B|C|A,36.356,12.85,8.521,126.652,121.035,119.942
460,3,3,early,15.5,A|B|C,28.015,6.833,5.971,126.652,121.035,119.942
461,3,3,early,22.4,B|C|C,51.158,20.698,16.921,128.521,122.625,121.531
462,3,3,early,18.0,C|C|B,35.969,13.181,8.713,128.438,121.69,120.773
463,3,3,early,20.7,B|B|C,29.963,10.562,7.1,127.008,121.912,120.819
464,3,3,early,21.3,B|C|C,34.5,12.165,9.34,128.521,121.154,120.835
465,3,3,early,8.3,C|B|C,49.852,19.598,17.831,128.521,122.625,121.531
466,3,3,early,20.6,C|B|C,38.379,16.819,12.55,128.521,121.154,120.835
467,3,3,early,12.3,A|B|C,23.6,4.873,2.315,126.569,119.565,119.246
468,3,3,middle,73.6,A|B|C,11.492,1.956,1.688,126.652,119.321,119.144
469,3,3,middle,37.4,B|C|B,30.252,11.431,8.11,127.008,120.977,120.021
470,3,3,middle,77.6,C|B|C,17.679,7.885,6.902,128.521,120.91,120.733
471,3,3,middle,43.5,A|A|C,19.808,3.781,3.154,126.213,120.158,119.16
472,3,3,middle,41.7,C|A|B,26.281,7.517,4.281,126.652,120.1,119.144
473,3,3,middle,82.4,C|B|B,13.717,3.075,3.054,127.008,120.042,120.021
474,3,3,middle,41.9,C|C|C,49.975,21.81,18.529,129.95,123.338,122.244
475,3,3,middle,86.1,A|A|C,7.246,0.987,0.59,124.702,118.444,118.046
476,3,3,middle,64.9,A|C|C,17.085,3.438,3.119,128.081,120.277,119.958
477,3,3,middle,66.0,A|B|C,9.777,2.913,1.688,124.938,120.277,119.144
478,3,3,middle,63.4,A|C|A,19.381,4.965,2.594,126.213,119.879,118.694
479,3,3,middle,56.2,A|A|A,11.54,1.758,0.0,122.833,118.29,117.296
480,3,3,middle,38.6,A|B|C,28.121,7.838,8.7,126.569,121.035,119.942
481,3,3,middle,74.9,C|C|C,24.987,7.35,6.713,129.95,121.867,121.548
482,3,3,middle,74.1,C|B|C,22.129,6.46,8.102,128.521,121.154,120.835
483,3,3,middle,70.5,A|C|C,12.921,2.669,2.502,128.081,120.033,119.958
484,3,3,middle,34.6,C|A|C,27.283,8.948,5.313,128.081,120.033,119.679
485,3,3,middle,49.4,B|C|A,22.733,8.002,5.546,126.39,120.756,119.571
486,3,3,middle,49.7,B|C|C,16.535,5.015,3.846,128.521,120.91,120.835
487,3,3,middle,39.5,C|A|C,27.865,11.265,7.86,128.081,120.277,119.958
488,3,3,middle,59.1,B|C|C,20.7,5.748,5.11,128.521,121.154,120.835
489,3,3,middle,48.3,C|C|C,37.481,14.458,11.952,129.95,121.867,121.548
490,3,3,middle,82.3,A|C|C,14.79,3.067,2.713,128.081,120.033,119.679
491,3,3,middle,65.5,B|C|C,18.533,10.402,7.317,126.723,123.115,120.835
492,3,3,middle,66.5,B|C|C,13.8,3.767,3.692,128.521,120.91,120.835
493,3,3,middle,46.5,A|B|A,14.654,2.485,4.425,124.783,119.167,118.125
494,3,3,middle,78.9,B|C|C,13.8,3.767,3.692,128.521,120.91,120.835
495,3,3,middle,62.5,B|A|C,18.831,5.35,3.846,126.652,120.756,119.571
496,3,3,middle,86.0,C|B|C,15.229,3.944,3.767,128.521,120.91,120.733
497,3,3,middle,72.8,A|B|C,11.492,1.956,1.688,126.652,119.321,119.144
498,3,3,middle,62.9,A|A|B,9.54,0.867,0.0,124.7,118.231,117.377
499,3,3,middle,65.2,C|C|C,20.823,6.617,5.448,129.95,121.623,121.548
500,3,3,middle,60.9,A|A|C,22.898,5.742,3.183,125.854,120.158,119.065
501,3,3,middle,48.1,C|A|A,23.546,6.925,6.606,126.213,119.879,118.694
502,3,3,middle,33.6,A|B|C,17.104,5.215,1.915,124.938,121.525,119.246
503,3,3,middle,77.5,B|B|B,13.51,3.433,2.477,125.579,120.265,119.308
504,3,3,middle,36.6,C|B|C,33.194,11.629,11.083,128.521,121.154,120.835
505,3,3,middle,46.4,B|C|B,23.435,8.223,6.173,127.092,120.977,120.021
506,3,3,middle,46.0,A|B|A,17.2,4.475,2.008,123.19,119.446,118.352
507,3,3,middle,32.6,C|B|B,39.721,15.196,16.929,127.008,121.912,120.819
508,3,3,middle,86.9,C|C|C,20.823,6.617,6.298,129.95,121.867,121.548
509,3,3,middle,85.4,B|C|C,15.229,3.944,3.767,128.521,120.91,120.733
510,3,3,middle,68.8,B|B|C,12.371,3.054,2.877,127.092,120.198,120.021
511,3,3,middle,81.1,C|A|A,11.41,2.633,1.819,124.702,119.6,118.785
512,3,3,middle,33.3,C|A|A,32.302,9.627,11.36,126.213,120.158,119.065
513,3,3,middle,46.2,B|A|A,11.288,2.992,0.713,123.273,118.888,117.702
514,3,3,middle,39.5,C|C|C,29.888,15.233,10.715,129.95,121.867,121.548
515,3,3,middle,65.8,B|B|B,10.858,2.185,2.165,125.579,119.329,119.308
516,3,3,middle,46.2,A|B|A,18.719,4.104,1.421,124.342,119.446,118.352
517,3,3,middle,78.6,B|C|C,13.8,3.767,3.692,128.521,120.91,120.835
518,3,3,middle,40.3,C|B|C,31.479,13.61,13.352,128.521,121.154,120.835
519,3,3,middle,76.9,B|C|C,12.085,4.01,3.692,126.806,121.154,120.835
520,3,3,middle,57.7,B|A|C,16.963,3.76,2.256,126.652,119.565,119.246
521,3,3,middle,39.4,C|B|C,46.375,21.431,17.973,128.438,122.625,121.531
522,3,3,middle,83.5,B|B|A,10.252,1.965,1.288,125.056,119.108,118.431
523,3,3,middle,40.2,B|A|C,20.919,5.379,5.927,126.294,119.565,119.246
524,3,3,middle,60.0,A|A|C,15.0,1.785,1.419,125.998,118.688,118.369
525,3,3,middle,68.2,C|C|C,20.823,6.617,5.448,129.95,121.623,121.548
526,3,3,middle,38.0,B|B|C,17.842,5.55,3.185,127.092,120.198,120.021
527,3,3,middle,85.6,A|A|C,11.41,2.76,1.531,124.702,119.6,118.371
528,3,3,middle,88.7,B|C|C,15.229,3.944,3.767,128.521,120.91,120.733
529,3,3,middle,61.1,C|B|C,19.394,5.904,4.633,128.521,120.91,120.733
530,3,3,middle,52.2,B|C|A,29.456,9.642,6.406,126.652,121.035,119.942
531,3,3,middle,39.1,C|A|A,27.981,11.238,6.967,125.902,119.879,118.694
532,3,3,middle,66.4,C|C|C,20.823,6.617,5.448,129.95,121.623,121.548
533,3,3,middle,41.3,C|A|C,31.875,9.654,7.056,128.081,121.748,120.654
534,3,3,middle,49.2,C|B|C,33.194,11.756,9.26,128.521,122.625,121.531
535,3,3,late,108.4,C|C|C,12.494,4.167,4.167,129.95,121.623,121.623
536,3,3,late,106.5,C|C|C,12.494,4.167,4.167,129.95,121.623,121.623
537,3,3,late,101.4,C|C|C,12.494,4.167,4.167,129.95,121.623,121.623
538,3,3,late,99.4,B|B|C,9.552,2.742,2.565,127.008,120.198,120.021
539,3,3,late,108.2,C|C|C,12.494,4.167,4.167,129.95,121.623,121.623
540,3,3,late,102.3,B|C|C,10.981,3.454,3.277,128.438,120.91,120.733
541,3,3,late,111.2,C|C|C,10.779,4.167,4.167,128.235,121.623,121.623
542,3,2,late,114.9,C|C|C,6.615,2.45,2.45,124.071,119.906,119.906
543,3,3,late,94.2,A|B|A,5.733,0.496,0.071,123.19,117.952,117.527
544,3,3,late,98.9,C|C|C,12.494,4.167,4.167,129.95,121.623,121.623
545,3,3,late,103.1,C|C|C,12.494,4.167,4.167,129.95,121.623,121.623
546,3,2,late,114.8,C|C|C,6.615,2.45,2.45,124.071,119.906,119.906
547,3,3,late,106.9,C|C|C,12.494,4.167,4.167,129.95,121.623,121.623
548,3,2,late,114.2,C|C|C,6.615,2.45,2.45,124.071,119.906,119.906
549,3,3,late,99.7,C|C|C,12.494,4.167,4.167,129.95,121.623,121.623
550,3,2,late,115.0,C|C|C,6.615,2.45,2.45,124.071,119.906,119.906
551,3,3,late,98.0,A|B|C,9.112,1.865,1.467,126.569,119.321,118.923
552,3,3,late,105.3,C|C|C,12.494,4.167,4.167,129.95,121.623,121.623
553,3,3,late,100.2,C|C|C,12.494,4.167,4.167,129.95,121.623,121.623
554,3,3,late,99.8,C|C|C,12.494,4.167,4.167,129.95,121.623,121.623
555,3,3,late,92.1,C|C|C,20.823,6.617,6.298,129.95,121.867,121.548
556,3,3,late,111.1,C|C|C,10.779,4.167,4.167,128.235,121.623,121.623
557,3,3,late,112.3,C|C|C,10.779,4.167,4.167,128.235,121.623,121.623
558,3,2,late,113.9,C|C|C,6.615,2.45,2.45,124.071,119.906,119.906
559,3,3,late,95.0,B|C|C,11.065,3.454,3.277,128.521,120.91,120.733
560,3,3,late,109.1,C|C|C,12.494,4.167,4.167,129.95,121.623,121.623
561,3,3,late,100.6,C|B|C,11.065,3.454,3.277,128.521,120.91,120.733
562,3,3,late,94.7,A|A|C,7.246,0.987,0.59,124.702,118.444,118.046
563,3,3,late,98.4,B|C|C,11.065,3.454,3.277,128.521,120.91,120.733
564,3,3,late,101.0,C|B|C,10.981,3.454,3.277,128.438,120.91,120.733
565,3,3,late,101.4,C|C|C,12.494,4.167,4.167,129.95,121.623,121.623
566,3,2,late,103.8,C|C|C,6.615,2.45,2.45,124.071,119.906,119.906
567,3,3,late,99.3,B|C|C,11.065,3.454,3.277,128.521,120.91,120.733
568,3,3,late,96.4,A|C|C,10.625,2.577,2.298,128.081,120.033,119.754
569,3,3,late,104.3,C|C|C,12.494,4.167,4.167,129.95,121.623,121.623
570,3,1,late,115.6,C|C|C,2.45,2.45,2.45,119.906,119.906,119.906
571,3,1,late,116.8,C|C|C,2.45,2.45,2.45,119.906,119.906,119.906
572,3,3,late,112.2,C|C|C,10.779,4.167,4.167,128.235,121.623,121.623
573,3,3,late,108.9,C|C|C,12.494,4.167,4.167,129.95,121.623,121.623
574,3,3,late,104.6,C|C|C,12.494,4.167,4.167,129.95,121.623,121.623
575,3,3,late,113.1,C|C|C,10.779,4.167,4.167,128.235,121.623,121.623
576,3,3,late,101.4,C|B|C,10.981,3.454,3.277,128.438,120.91,120.733
577,3,3,late,96.0,C|B|C,15.229,4.071,3.894,128.521,120.91,120.733
578,3,3,late,91.5,B|C|C,11.065,3.454,3.277,128.521,120.91,120.733
579,3,3,late,95.1,C|B|C,15.229,4.071,3.894,128.521,120.91,120.733
580,3,3,late,107.4,C|C|C,12.494,4.167,4.167,129.95,121.623,121.623
581,3,3,late,91.7,B|A|C,8.658,1.865,1.865,126.115,119.321,119.321
582,3,3,late,99.4,C|B|C,9.35,3.454,3.454,126.806,120.91,120.91
583,3,3,late,112.5,C|C|C,10.779,4.167,4.167,128.235,121.623,121.623
584,3,3,late,109.6,C|C|C,10.779,4.167,4.167,128.235,121.623,121.623
585,3,3,late,108.6,C|C|C,12.494,4.167,4.167,129.95,121.623,121.623
586,3,2,late,114.7,C|C|C,6.615,2.45,2.45,124.071,119.906,119.906
587,3,3,late,107.0,C|C|C,10.779,4.167,4.167,128.235,121.623,121.623
588,3,3,late,94.9,A|B|C,9.112,1.865,1.467,126.569,119.321,118.923
589,3,3,late,112.6,C|C|C,10.779,4.167,4.167,128.235,121.623,121.623
590,3,2,late,114.6,C|C|C,6.615,2.45,2.45,124.071,119.906,119.906
591,3,3,late,93.2,A|C|A,11.41,2.633,1.402,124.702,119.6,118.369
592,3,3,late,109.4,C|C|C,12.494,4.167,4.167,129.95,121.623,121.623
593,3,3,late,93.5,A|C|C,13.075,5.027,2.84,126.367,121.867,119.679
594,3,3,late,102.8,C|C|C,12.494,4.167,4.167,129.95,121.623,121.623
595,3,3,late,93.7,C|C|C,19.108,8.577,6.298,128.235,123.827,121.548
596,3,3,late,106.2,C|C|C,12.494,4.167,4.167,129.95,121.623,121.623
597,3,3,late,104.3,C|C|C,12.494,4.167,4.167,129.95,121.623,121.623
598,3,3,late,91.5,C|C|C,16.658,4.656,4.581,129.95,121.623,121.548
599,3,2,late,102.4,B|B|C,6.817,1.494,1.317,124.273,118.95,118.773
600,3,3,late,95.8,C|C|C,16.658,4.783,4.708,129.95,121.623,121.548
601,4,4,early,22.4,C|C|C|C,49.975,18.869,16.288,134.115,125.298,124.204
602,4,4,early,4.7,C|A|B|C,43.367,13.36,11.863,130.817,121.281,121.104
603,4,4,early,28.9,C|C|A|B,40.215,13.517,10.325,130.602,122.06,121.467
604,4,4,early,25.7,B|B|C|C,46.454,17.06,17.163,131.173,123.873,122.779
605,4,4,early,18.3,B|B|B|B,35.144,12.481,8.744,128.315,121.513,120.919
606,4,4,early,6.3,C|A|A|B,49.569,14.631,12.263,128.637,121.406,120.312
607,4,4,early,10.4,A|B|A|C,20.09,3.44,1.838,128.363,119.692,119.294
608,4,4,early,2.4,B|C|C|C,47.515,19.804,14.679,132.602,123.115,122.796
609,4,4,early,16.0,B|A|C|C,41.388,13.033,10.173,130.817,122.996,121.902
610,4,4,early,11.2,A|B|B|C,26.419,5.185,4.013,129.304,120.812,120.494
611,4,4,early,19.8,B|B|B|C,39.392,13.906,11.379,129.744,121.69,121.371
612,4,4,early,23.3,C|A|A|C,31.875,9.41,5.683,130.377,120.404,120.05
613,4,4,early,10.2,A|C|B|C,30.873,7.479,5.427,130.817,121.281,121.104
614,4,4,early,24.8,A|C|C|C,28.292,8.065,6.242,130.531,122.237,121.919
615,4,4,early,15.6,C|A|B|C,53.108,18.002,13.504,130.733,122.996,121.902
616,4,4,early,29.8,A|B|C|C,40.615,12.121,13.742,130.733,122.996,121.902
617,4,4,early,17.0,A|C|A|C,43.354,11.265,10.44,130.377,120.648,120.329
618,4,4,early,6.1,C|C|A|B,42.429,15.106,10.608,130.733,121.781,120.883
619,4,4,early,12.9,A|A|A|A,26.1,4.075,0.056,125.129,118.66,117.475
620,4,4,early,5.9,A|C|A|C,35.179,10.788,6.704,130.377,122.119,121.025
621,4,4,early,23.3,A|A|B|C,32.381,7.667,5.233,128.41,121.406,120.312
622,4,4,early,3.9,B|C|B|C,42.206,14.973,11.192,131.173,122.402,122.083
623,4,4,early,2.6,B|A|C|C,28.833,9.221,4.679,130.733,121.281,121.206
624,4,4,early,7.5,A|B|B|B,41.152,12.496,10.908,127.875,121.571,120.477
625,4,4,early,18.5,A|C|C|C,32.302,8.192,6.242,132.246,121.994,121.919
626,4,4,early,13.0,A|A|A|A,24.59,4.075,0.177,125.129,118.66,117.615
627,4,4,early,11.4,C|B|A|C,47.319,16.042,11.544,130.327,121.525,121.206
628,4,4,early,16.5,A|B|B|C,49.604,16.185,12.192,129.304,122.283,121.19
629,4,4,early,8.1,A|B|C|A,52.094,15.202,13.602,128.865,121.406,120.312
630,4,4,early,10.9,B|C|A|C,54.046,21.231,19.5,130.733,122.996,121.902
631,4,4,early,13.9,B|A|C|B,32.127,11.252,6.171,129.304,121.348,120.754
632,4,4,early,11.9,C|A|C|C,42.5,13.702,12.306,132.246,121.994,121.919
633,4,4,early,20.6,B|C|C|C,31.071,14.146,9.34,130.971,123.115,122.796
634,4,4,early,12.7,C|C|A|C,58.731,21.571,17.617,132.246,123.708,122.615
635,4,4,early,25.7,C|C|A|B,46.594,18.294,14.115,130.733,121.781,120.883
636,4,4,early,1.4,A|B|A|C,20.808,6.74,4.173,127.438,121.127,119.942
637,4,4,early,26.8,B|A|A|C,25.894,5.877,6.831,128.506,119.692,119.338
638,4,4,early,3.6,B|B|B|C,43.39,15.994,11.448,129.744,123.16,122.067
639,4,4,early,26.6,A|B|C|C,40.615,13.092,10.188,130.733,121.525,121.206
640,4,4,early,27.0,B|B|C|A,36.34,12.615,10.108,129.304,122.004,120.91
641,4,4,early,6.3,C|C|A|C,56.435,22.427,17.698,132.246,121.994,121.64
642,4,4,early,2.2,B|C|A|C,69.192,28.31,27.635,130.733,122.996,121.902
643,4,4,early,10.0,C|B|C|C,50.873,21.229,15.467,132.685,123.115,122.796
644,4,4,early,8.4,A|A|C|B,40.329,10.34,6.769,128.865,121.406,120.312
645,4,4,early,27.1,A|C|A|C,23.973,4.271,3.135,130.377,120.404,120.05
646,4,4,early,24.0,A|B|C|C,32.285,8.2,9.965,130.733,121.525,121.206
647,4,4,early,29.9,B|B|B|B,29.923,9.985,7.915,128.315,122.448,121.354
648,4,4,early,21.1,B|C|A|B,26.954,8.158,5.29,129.304,121.069,120.706
649,4,4,early,13.4,A|A|C|C,37.321,7.679,5.394,130.377,120.648,120.329
650,4,4,early,6.1,B|A|A|A,30.533,9.052,3.908,125.485,119.537,118.398
651,4,4,early,11.4,A|C|C|B,57.167,19.121,15.379,130.817,122.996,121.902
652,4,4,early,20.4,B|A|C|B,42.694,14.069,10.515,129.387,122.283,121.19
653,4,4,early,21.2,A|B|C|A,35.496,12.115,8.919,128.948,121.127,120.404
654,4,4,early,16.9,C|B|B|A,43.529,16.0,13.631,129.304,122.004,120.819
655,4,4,early,4.3,A|B|B|A,39.917,10.521,10.181,127.435,120.694,119.6
656,4,4,early,4.2,B|B|C|C,52.863,22.481,17.592,131.173,122.402,122.083
657,4,4,early,9.4,B|A|C|C,52.177,19.642,14.431,130.733,122.996,121.902
658,4,4,early,10.6,B|B|A|C,37.11,12.308,8.81,129.173,122.283,121.19
659,4,4,early,10.3,C|C|C|C,81.577,36.15,33.533,134.115,125.298,124.204
660,4,4,early,8.3,B|A|B|B,48.942,16.498,12.26,127.792,121.571,120.477
661,4,4,early,6.4,A|A|C|C,24.4,4.244,2.873,130.377,120.404,120.329
662,4,4,early,22.5,B|A|B|B,33.802,9.629,8.808,127.958,120.635,120.042
663,4,4,early,17.0,A|A|C|C,40.627,9.675,6.723,130.162,120.648,120.329
664,4,4,early,27.7,A|B|B|C,30.198,10.519,12.458,127.506,122.773,120.494
665,4,4,early,22.2,A|C|A|C,23.002,6.475,3.135,128.352,122.237,120.05
666,4,4,early,5.0,B|B|A|C,32.875,10.313,5.665,129.304,120.812,120.494
667,4,4,early,22.0,C|B|B|C,41.317,15.821,12.185,131.173,122.158,121.981
668,4,4,middle,45.9,A|A|C|C,21.677,3.9,3.952,130.377,120.404,120.05
669,4,4,middle,65.5,C|B|C|A,28.59,9.204,7.842,130.817,122.717,121.531
670,4,4,middle,80.5,C|A|A|C,15.575,3.438,3.04,128.867,120.404,120.006
671,4,4,middle,45.0,C|B|C|C,52.302,22.992,19.515,132.685,124.585,123.492
672,4,4,middle,36.9,A|A|A|C,35.871,9.927,9.302,126.998,120.529,119.435
673,4,4,middle,51.1,A|C|B|A,29.633,9.115,6.438,128.865,121.127,119.942
674,4,4,middle,43.5,B|C|C|B,34.5,11.229,10.321,131.256,122.938,122.667
675,4,4,middle,41.3,C|B|C|C,33.194,11.385,12.177,132.685,122.871,122.796
676,4,4,middle,46.2,C|C|B|C,42.952,16.019,13.65,132.685,123.115,122.796
677,4,4,middle,55.5,A|A|A|C,17.581,1.913,1.51,128.15,118.815,118.46
678,4,4,middle,62.2,B|C|C|C,29.029,9.425,9.031,132.685,123.115,122.796
679,4,4,middle,69.8,B|C|B|C,20.7,6.196,5.842,131.256,122.158,121.981
680,4,4,middle,76.8,B|C|C|C,20.415,7.152,9.038,130.971,123.115,122.796
681,4,4,middle,61.9,B|A|C|C,29.456,8.863,7.181,130.817,121.525,121.206
682,4,4,middle,39.9,A|C|A|C,28.138,6.231,4.373,130.377,120.404,120.05
683,4,4,middle,34.5,C|B|C|A,45.398,16.704,13.154,130.458,122.996,121.902
684,4,4,middle,84.3,C|C|C|C,20.823,6.617,6.542,134.115,123.583,123.508
685,4,4,middle,57.1,B|B|C|C,22.006,6.575,5.544,131.256,122.158,122.083
686,4,4,middle,77.6,C|B|C|C,28.577,11.583,11.088,132.602,123.115,122.796
687,4,4,middle,34.5,C|C|A|C,41.069,13.694,13.923,131.744,122.237,121.919
688,4,4,middle,45.9,A|B|B|C,35.294,12.767,10.402,129.221,122.283,121.19
689,4,4,middle,47.4,A|B|C|C,18.973,4.844,7.506,129.102,121.525,121.206
690,4,4,middle,79.5,A|A|B|C,14.119,5.206,3.417,127.092,120.192,119.515
691,4,4,middle,67.0,A|C|B|C,26.554,6.923,5.927,130.733,121.525,121.206
692,4,4,middle,77.0,B|C|C|C,22.129,6.908,6.656,132.685,122.871,122.796
693,4,4,middle,40.0,C|C|B|C,48.138,19.981,20.21,132.685,123.115,122.796
694,4,4,middle,75.3,C|C|C|B,31.888,10.977,9.946,132.685,123.65,122.694
695,4,4,middle,83.0,C|C|A|C,21.404,8.577,6.39,130.531,123.827,121.64
696,4,4,middle,39.0,C|A|A|B,24.842,10.808,7.196,127.354,119.912,119.294
697,4,4,middle,34.8,C|B|C|C,40.094,14.594,14.292,132.685,122.871,122.796
698,4,4,middle,44.2,A|C|B|B,20.604,3.908,3.477,129.304,120.412,120.392
699,4,4,middle,87.5,A|C|C|C,17.24,5.027,4.673,130.531,121.994,121.64
700,4,4,middle,72.5,A|C|A|C,21.831,7.323,3.95,128.662,122.237,120.05
701,4,4,middle,77.6,A|C|B|C,19.821,4.442,4.265,130.817,121.281,121.104
702,4,4,middle,63.4,C|B|C|C,21.844,7.865,6.594,130.971,122.871,122.694
703,4,4,middle,49.8,B|B|A|C,22.267,5.321,4.104,129.304,120.812,120.494
704,4,4,middle,45.1,C|B|A|C,26.875,10.381,6.144,129.102,123.115,120.927
705,4,4,middle,70.1,C|A|B|C,26.554,6.923,5.927,130.733,121.525,121.206
706,4,4,middle,64.0,B|C|A|B,20.875,5.663,4.667,128.863,121.069,120.392
707,4,4,middle,75.0,B|A|C|C,16.096,4.138,3.783,130.817,121.281,120.927
708,4,4,middle,52.0,C|C|B|C,42.952,16.019,13.65,132.685,123.115,122.796
709,4,4,middle,68.1,B|B|B|C,20.042,7.51,6.377,129.66,122.225,121.269
710,4,4,middle,51.5,A|C|B|C,20.402,5.733,4.19,129.102,122.237,121.104
711,4,4,middle,62.1,C|B|A|C,26.554,6.923,5.706,130.733,121.525,121.206
712,4,4,middle,50.0,B|A|C|C,24.721,9.975,9.563,129.306,121.525,121.206
713,4,4,middle,53.1,B|B|C|A,24.302,7.602,6.24,129.387,122.004,120.819
714,4,4,middle,47.2,C|B|C|A,41.95,14.744,15.433,130.817,122.996,121.902
715,4,4,middle,75.8,C|C|A|C,27.283,7.604,6.931,132.246,121.994,121.64
716,4,4,middle,61.9,A|C|B|C,24.775,6.773,5.502,130.315,121.281,121.104
717,4,4,middle,65.8,B|A|B|C,14.583,3.425,3.027,129.304,120.569,120.171
718,4,4,middle,36.4,B|B|C|C,31.642,9.804,8.21,131.256,122.402,122.083
719,4,3,middle,85.3,B|B|B|C,9.552,2.742,2.565,127.008,120.198,120.021
720,4,4,middle,51.8,A|C|C|C,31.875,8.219,7.302,132.246,122.237,121.919
721,4,4,middle,34.7,B|B|B|C,33.921,11.41,9.042,129.744,121.69,121.371
722,4,4,middle,60.3,C|C|C|C,33.317,12.254,11.085,134.115,123.583,123.508
723,4,4,middle,72.4,A|B|B|C,15.081,4.473,2.935,127.59,121.525,120.392
724,4,4,middle,39.0,A|B|C|A,38.746,12.694,9.144,128.865,121.127,119.942
725,4,4,middle,85.6,B|A|A|A,6.519,0.588,0.248,123.975,118.044,117.704
726,4,4,middle,81.0,A|C|B|B,17.304,3.573,3.517,128.802,120.412,120.392
727,4,4,middle,79.6,C|C|C|C,29.152,10.538,10.219,134.115,123.827,123.508
728,4,4,middle,80.8,C|A|B|B,15.929,3.425,3.204,129.221,120.392,120.171
729,4,4,middle,42.2,C|B|A|C,29.61,11.629,10.308,129.102,123.115,120.927
730,4,4,middle,53.6,B|C|A|B,28.027,8.685,6.367,129.387,121.348,120.392
731,4,4,middle,49.0,B|C|C|C,20.7,6.975,5.806,132.685,122.871,122.796
732,4,4,middle,34.1,B|C|C|A,40.521,14.567,15.358,130.817,122.996,121.902
733,4,4,middle,52.6,C|C|C|C,37.481,12.988,11.5,134.115,123.583,123.508
734,4,4,middle,31.5,A|B|B|C,26.608,6.754,7.885,129.221,120.569,120.392
735,4,4,late,106.1,C|C|C|C,16.658,6.127,6.127,134.115,123.583,123.583
736,4,4,late,99.7,A|C|C|C,14.383,4.538,4.258,131.84,121.994,121.715
737,4,4,late,109.8,C|C|C|C,14.944,6.127,6.127,132.4,123.583,123.583
738,4,4,late,91.9,A|B|C|C,13.277,3.825,3.427,130.733,121.281,120.883
739,4,4,late,100.7,B|C|C|C,15.229,5.415,5.237,132.685,122.871,122.694
740,4,4,late,98.9,A|C|C|C,14.479,4.538,4.258,131.935,121.994,121.715
741,4,4,late,99.4,B|B|C|C,13.717,4.702,4.525,131.173,122.158,121.981
742,4,4,late,101.5,B|C|C|C,15.229,5.415,5.237,132.685,122.871,122.694
743,4,1,late,115.5,C|C|C|C,2.45,2.45,2.45,119.906,119.906,119.906
744,4,3,late,112.9,C|C|C|C,10.779,4.167,4.167,128.235,121.623,121.623
745,4,4,late,108.3,C|C|C|C,16.658,6.127,6.127,134.115,123.583,123.583
746,4,1,late,116.6,C|C|C|C,2.45,2.45,2.45,119.906,119.906,119.906
747,4,4,late,106.4,C|C|C|C,14.944,6.127,6.127,132.4,123.583,123.583
748,4,4,late,94.8,A|A|C|C,11.41,2.948,2.55,128.867,120.404,120.006
749,4,4,late,108.8,C|C|C|C,16.658,6.127,6.127,134.115,123.583,123.583
750,4,2,late,114.6,C|C|C|C,6.615,2.45,2.45,124.071,119.906,119.906
751,4,4,late,107.9,C|C|C|C,14.944,6.127,6.127,132.4,123.583,123.583
752,4,2,late,112.5,C|C|C|C,6.615,2.45,2.45,124.071,119.906,119.906
753,4,3,late,110.4,C|C|C|C,10.779,4.167,4.167,128.235,121.623,121.623
754,4,4,late,96.1,C|B|C|C,19.394,6.031,5.854,132.685,122.871,122.694
755,4,1,late,116.0,C|C|C|C,2.45,2.45,2.45,119.906,119.906,119.906
756,4,4,late,100.7,B|C|C|C,15.229,5.415,5.237,132.685,122.871,122.694
757,4,4,late,96.5,C|C|C|C,19.108,8.598,8.523,134.115,123.583,123.508
758,4,4,late,95.9,C|C|C|C,20.823,6.744,6.669,134.115,123.583,123.508
759,4,4,late,103.4,C|C|C|C,14.944,6.127,6.127,132.4,123.583,123.583
760,4,1,late,116.4,C|C|C|C,2.45,2.45,2.45,119.906,119.906,119.906
761,4,4,late,105.4,C|C|C|C,16.658,6.127,6.127,134.115,123.583,123.583
762,4,1,late,116.2,C|C|C|C,2.45,2.45,2.45,119.906,119.906,119.906
763,4,4,late,105.6,C|C|C|C,16.658,6.127,6.127,134.115,123.583,123.583
764,4,2,late,115.0,C|C|C|C,6.615,2.45,2.45,124.071,119.906,119.906
765,4,4,late,95.4,C|B|C|C,19.394,6.031,5.854,132.685,122.871,122.694
766,4,2,late,113.9,C|C|C|C,6.615,2.45,2.45,124.071,119.906,119.906
767,4,4,late,108.0,C|C|C|C,14.944,6.127,6.127,132.4,123.583,123.583
768,4,4,late,91.7,A|B|B|C,11.765,3.112,2.715,129.221,120.569,120.171
769,4,2,late,113.9,C|C|C|C,6.615,2.45,2.45,124.071,119.906,119.906
770,4,4,late,110.8,C|C|C|C,14.944,6.127,6.127,132.4,123.583,123.583
771,4,4,late,94.7,A|C|C|C,14.79,4.538,4.258,132.246,121.994,121.715
772,4,2,late,113.6,C|C|C|C,6.615,2.45,2.45,124.071,119.906,119.906
773,4,1,late,115.6,C|C|C|C,2.45,2.45,2.45,119.906,119.906,119.906
774,4,4,late,105.5,C|C|C|C,16.658,6.127,6.127,134.115,123.583,123.583
775,4,4,late,92.6,B|C|C|C,17.679,5.904,5.727,130.971,122.871,122.694
776,4,4,late,93.4,B|C|C|C,17.596,7.885,7.708,132.602,122.871,122.694
777,4,4,late,103.3,C|C|C|C,14.944,6.127,6.127,132.4,123.583,123.583
778,4,4,late,104.4,C|C|C|C,16.658,6.127,6.127,134.115,123.583,123.583
779,4,4,late,99.9,B|C|C|C,15.229,5.415,5.237,132.685,122.871,122.694
780,4,4,late,95.2,A|C|C|C,14.79,4.538,4.258,132.246,121.994,121.715
781,4,1,late,116.0,C|C|C|C,2.45,2.45,2.45,119.906,119.906,119.906
782,4,4,late,91.2,A|C|C|C,23.119,6.744,6.39,132.246,121.994,121.64
783,4,4,late,108.6,C|C|C|C,14.944,6.127,6.127,132.4,123.583,123.583
784,4,4,late,92.1,B|B|C|C,13.717,4.702,4.525,131.173,122.158,121.981
785,4,4,late,98.1,C|C|C|C,17.394,8.598,8.523,132.4,123.583,123.508
786,4,4,late,98.1,C|C|C|C,19.108,8.598,8.523,134.115,123.583,123.508
787,4,4,late,101.3,C|C|C|C,14.944,6.127,6.127,132.4,123.583,123.583
788,4,4,late,95.0,B|C|C|C,17.596,7.885,7.708,132.602,122.871,122.694
789,4,4,late,108.2,C|C|C|C,14.944,6.127,6.127,132.4,123.583,123.583
790,4,1,late,116.7,C|C|C|C,2.45,2.45,2.45,119.906,119.906,119.906
791,4,4,late,108.2,C|C|C|C,14.944,6.127,6.127,132.4,123.583,123.583
792,4,4,late,102.3,B|C|C|C,13.431,5.415,5.237,130.887,122.871,122.694
793,4,4,late,94.5,B|B|C|C,12.002,4.702,4.525,129.458,122.158,121.981
794,4,4,late,99.1,B|C|C|C,15.229,5.415,5.237,132.685,122.871,122.694
795,4,4,late,110.9,C|C|C|C,14.944,6.127,6.127,132.4,123.583,123.583
796,4,4,late,100.0,A|C|C|C,14.335,4.538,4.258,131.792,121.994,121.715
797,4,4,late,107.1,C|C|C|C,14.944,6.127,6.127,132.4,123.583,123.583
798,4,4,late,92.5,C|B|C|C,19.394,5.904,5.727,132.685,122.871,122.694
799,4,4,late,110.4,C|C|C|C,14.944,6.127,6.127,132.4,123.583,123.583
800,4,4,late,95.2,C|A|C|C,18.954,5.154,4.8,132.246,121.994,121.64
801,5,5,early,24.0,A|A|C|C|C,31.223,6.694,5.746,134.04,122.365,122.29
802,5,5,early,24.0,B|B|B|C|B,64.173,26.183,21.906,132.479,124.408,123.315
803,5,5,early,14.3,C|A|B|B|B,53.069,17.425,13.075,132.04,122.596,121.64
804,5,5,early,29.8,A|A|A|C|C,37.321,7.435,5.485,132.673,121.019,120.7
805,5,5,early,11.9,A|A|B|C|C,49.692,12.483,12.585,133.113,121.896,121.577
806,5,5,early,9.9,A|B|C|A|C,41.375,10.658,9.813,133.113,121.652,121.298
807,5,5,early,25.8,C|B|C|A|C,61.344,22.398,19.679,134.981,124.956,123.862
808,5,5,early,22.3,B|C|B|A|C,47.777,17.181,13.821,133.469,123.029,122.352
809,5,5,early,19.1,C|C|B|C|C,62.346,22.538,19.579,136.85,125.075,124.756
810,5,5,early,27.3,C|A|C|B|C,54.585,19.846,15.269,134.981,123.485,123.167
811,5,5,early,10.0,B|B|A|A|B,41.402,12.217,8.083,130.171,121.942,120.848
812,5,5,early,5.2,C|C|C|B|C,84.598,34.152,30.371,136.85,126.546,125.452
813,5,5,early,23.1,C|A|C|C|C,56.863,19.981,17.121,136.41,124.198,123.879
814,5,5,early,15.3,C|B|A|C|C,48.16,16.14,11.885,134.898,123.242,123.167
815,5,5,early,6.8,C|B|A|C|B,63.077,21.523,20.844,133.552,123.308,123.037
816,5,5,early,29.2,B|A|C|B|B,35.71,9.96,8.492,132.04,121.66,121.64
817,5,5,early,12.7,B|B|A|A|C,39.146,11.615,11.129,131.6,122.375,121.19
818,5,5,early,14.1,A|B|C|B|C,34.915,8.327,8.381,133.552,122.529,122.352
819,5,5,early,17.2,B|C|B|C|A,49.167,17.025,17.163,133.552,123.965,122.779
820,5,5,early,8.5,B|C|B|B|A,49.083,17.56,15.7,132.04,122.317,121.64
821,5,5,early,26.7,C|A|B|B|C,42.377,12.59,9.177,133.552,122.529,122.352
822,5,4,early,29.1,C|B|B|B|B,34.167,11.765,8.6,129.66,121.29,121.269
823,5,5,early,24.4,C|B|C|B|C,58.058,21.5,18.954,135.421,124.362,124.044
824,5,5,early,7.2,C|C|A|C|C,73.948,26.325,25.46,136.41,124.198,123.879
825,5,5,early,12.7,A|A|A|C|B,35.077,6.04,4.119,130.933,120.842,120.571
826,5,5,early,15.5,C|B|B|C|C,38.704,14.994,10.442,135.338,124.119,123.942
827,5,5,early,18.8,B|C|A|A|B,48.715,15.935,15.169,131.683,121.719,121.448
828,5,5,early,3.7,C|C|A|A|C,51.981,17.742,16.842,134.183,122.365,122.01
829,5,5,early,7.3,B|C|C|C|A,60.069,24.146,21.102,134.981,124.677,123.492
830,5,5,early,2.1,B|B|C|C|A,65.202,25.381,21.513,133.469,123.965,122.779
831,5,5,early,7.3,C|C|A|A|A,49.677,18.898,14.067,129.652,121.652,120.421
832,5,5,early,1.8,C|A|C|A|B,65.483,20.631,19.038,133.113,123.367,122.273
833,5,5,early,12.3,A|B|C|C|C,36.344,9.04,9.196,134.981,123.242,123.167
834,5,5,early,3.1,C|C|B|A|B,70.29,27.013,22.098,133.469,124.244,123.15
835,5,5,early,18.9,C|A|B|A|C,56.25,19.333,15.163,131.519,123.367,122.273
836,5,5,early,22.5,B|C|A|C|B,43.613,14.656,12.121,133.469,123.029,122.352
837,5,5,early,2.8,C|C|B|C|C,73.41,28.806,27.942,136.85,125.075,124.756
838,5,5,early,19.2,C|A|C|B|B,64.506,22.398,17.992,133.552,124.244,123.15
839,5,5,early,27.1,A|B|B|B|A,37.808,11.227,7.771,129.729,121.662,120.477
840,5,5,early,27.4,A|C|C|B|C,41.644,17.421,14.933,133.471,123.242,123.065
841,5,5,early,7.1,C|B|C|C|C,71.981,27.558,24.556,136.85,125.075,124.756
842,5,5,early,5.7,C|C|C|B|C,85.619,36.871,35.231,136.85,125.075,124.756
843,5,5,early,1.3,C|C|A|B|B,62.25,23.269,18.781,133.469,122.373,122.352
844,5,5,early,19.1,A|A|B|B|C,35.602,6.39,4.85,131.6,121.183,120.912
845,5,5,early,3.8,C|C|C|C|C,62.469,23.279,20.379,138.279,125.544,125.469
846,5,5,early,17.5,C|A|C|C|C,54.994,18.113,14.346,136.41,124.198,123.879
847,5,5,early,21.1,A|C|A|A|C,42.629,11.356,7.34,131.162,121.019,120.7
848,5,5,early,12.4,A|A|A|A|A,19.938,2.313,0.0,125.915,118.473,117.388
849,5,5,early,2.1,C|A|C|C|C,82.277,30.525,26.571,136.41,124.198,123.879
850,5,5,early,8.6,C|A|A|A|C,57.906,17.096,18.694,131.162,122.49,122.135
851,5,5,early,5.7,A|A|A|C|C,32.492,6.588,4.248,131.162,121.019,120.7
852,5,5,early,15.6,A|C|C|C|B,58.31,20.673,16.804,134.981,124.021,123.065
853,5,5,early,14.3,C|B|A|A|C,57.7,18.5,13.967,133.029,123.367,122.273
854,5,5,early,19.9,C|C|B|C|C,71.696,29.56,26.554,136.85,125.075,124.756
855,5,5,early,3.5,B|B|B|C|C,48.86,18.119,13.944,133.908,123.406,123.331
856,5,5,early,15.3,A|A|C|C|C,65.381,22.577,19.354,133.031,124.079,122.985
857,5,5,early,7.2,A|C|A|C|C,41.058,10.615,7.85,134.542,122.365,122.29
858,5,5,early,21.8,A|A|C|B|C,38.744,8.683,6.54,132.85,121.652,121.475
859,5,5,early,8.4,B|A|A|B|A,33.113,8.858,4.869,127.635,119.85,119.638
860,5,5,early,29.4,B|B|A|B|C,22.706,7.169,4.583,131.956,121.817,121.419
861,5,5,early,16.6,A|A|B|A|C,35.079,6.169,7.279,131.16,120.306,119.987
862,5,5,early,5.7,A|C|A|B|B,54.046,15.821,14.646,131.6,121.719,121.448
863,5,5,early,7.1,C|C|C|A|C,78.838,31.094,30.229,136.052,124.198,123.879
864,5,5,early,7.3,A|A|C|B|C,33.596,6.352,4.931,133.113,121.652,121.475
865,5,5,early,21.0,A|A|C|A|C,45.65,11.321,8.221,132.673,122.21,121.025
866,5,5,early,8.5,C|A|C|B|C,46.806,19.196,13.492,133.387,123.485,123.167
867,5,5,early,3.3,C|A|C|B|C,77.74,28.644,27.142,134.898,124.956,123.862
868,5,5,middle,52.8,C|A|B|C|C,29.935,10.196,7.61,134.898,123.242,122.844
869,5,5,middle,69.3,C|A|A|A|C,25.117,5.952,4.367,131.162,120.775,120.421
870,5,5,middle,73.8,C|A|A|A|A,21.738,5.519,3.646,127.783,120.342,119.331
871,5,5,middle,41.3,A|A|A|B|C,24.085,4.365,2.448,129.423,120.062,119.885
872,5,5,middle,50.8,B|B|A|A|B,23.05,5.235,3.44,130.088,120.727,119.829
873,5,5,middle,40.6,C|B|B|C|B,46.335,18.692,16.59,133.908,124.185,123.229
874,5,5,middle,39.3,C|B|B|C|C,31.11,15.015,11.844,133.623,124.119,123.942
875,5,5,middle,44.5,A|C|B|C|B,33.098,9.946,10.635,133.469,122.529,122.352
876,5,5,middle,67.7,C|A|A|C|C,31.875,7.975,7.267,134.542,122.365,122.01
877,5,5,middle,45.2,A|A|C|A|A,27.054,5.925,3.275,129.294,120.342,119.156
878,5,5,middle,61.3,A|A|B|C|C,28.058,6.767,5.958,132.623,121.896,121.577
879,5,5,middle,38.7,C|C|B|B|B,50.992,18.263,16.558,133.908,124.185,123.915
880,5,5,middle,61.9,B|C|A|A|C,26.292,10.438,9.979,130.092,121.896,121.577
881,5,5,middle,86.0,C|C|C|B|C,31.888,11.542,11.365,136.85,124.831,124.654
882,5,5,middle,62.2,B|A|B|C|C,30.596,8.742,8.025,133.469,122.773,122.454
883,5,5,middle,57.5,C|B|C|C|C,34.623,12.225,10.148,136.85,124.831,124.756
884,5,5,middle,37.2,C|A|A|B|C,50.694,15.198,14.75,133.113,123.367,122.273
885,5,5,middle,67.5,B|C|A|C|C,28.59,8.548,10.154,134.981,123.242,122.888
886,5,5,middle,72.1,C|A|C|C|C,29.579,9.04,7.779,136.41,123.954,123.879
887,5,5,middle,40.7,B|C|B|B|C,45.442,15.977,16.485,133.992,123.65,123.331
888,5,4,middle,83.6,C|B|B|B|C,17.881,5.192,5.015,131.173,122.158,121.981
889,5,5,middle,66.6,A|C|A|C|C,23.546,5.525,4.892,134.542,122.365,122.01
890,5,5,middle,82.2,C|A|C|B|C,21.606,6.275,5.877,134.898,123.242,122.844
891,5,5,middle,41.2,A|A|C|B|A,35.281,8.135,8.927,130.981,121.498,120.775
892,5,5,middle,77.5,A|B|B|B|C,20.385,6.292,5.158,130.242,122.773,121.64
893,5,5,middle,53.1,C|B|C|C|A,54.444,20.625,21.315,134.981,124.956,123.862
894,5,5,middle,79.2,A|B|B|C|C,20.531,5.477,4.896,133.254,122.529,122.352
895,5,5,middle,56.8,A|B|A|B|A,21.325,3.26,6.033,129.242,119.85,119.733
896,5,5,middle,81.6,C|C|C|C|C,23.273,8.577,8.502,136.565,125.544,125.469
897,5,5,middle,77.2,A|A|B|A|C,14.49,2.698,2.208,129.65,120.062,119.665
898,5,5,middle,44.4,B|C|B|B|B,46.165,17.048,15.163,132.396,123.473,122.879
899,5,5,middle,87.3,B|C|C|C|C,21.76,9.846,9.669,136.767,124.831,124.654
900,5,5,middle,66.4,A|C|A|C|C,25.996,7.45,5.91,132.827,122.365,122.01
901,5,5,middle,52.4,C|A|B|C|C,39.008,13.508,10.715,134.719,123.485,123.167
902,5,5,middle,32.4,C|C|B|A|C,54.775,20.794,16.204,133.183,125.446,123.167
903,5,5,middle,77.8,C|B|A|C|C,26.708,10.529,9.369,134.898,123.242,122.888
904,5,5,middle,85.9,A|B|C|C|C,22.546,8.362,7.965,133.387,123.242,122.844
905,5,5,middle,70.4,A|A|A|C|C,15.073,3.502,2.965,129.448,120.775,120.421
906,5,5,middle,34.2,C|C|A|C|C,54.567,20.558,20.256,136.41,123.954,123.879
907,5,5,middle,64.0,C|C|B|C|C,38.419,15.973,13.496,136.767,124.831,124.654
908,5,5,middle,44.8,B|C|A|C|B,44.431,14.715,15.908,133.206,123.308,123.037
909,5,5,middle,62.8,A|C|C|C|C,41.502,16.881,15.377,134.9,124.198,123.879
910,5,5,middle,75.2,C|A|C|C|C,27.283,9.075,7.675,136.41,123.954,123.6
911,5,5,middle,82.3,B|B|B|C|C,19.188,6.263,6.085,133.908,123.406,123.229
912,5,5,middle,55.1,B|C|B|C|C,30.05,11.365,9.917,133.706,124.119,123.942
913,5,5,middle,40.6,C|B|A|B|B,47.379,18.581,15.504,131.956,123.531,122.438
914,5,5,middle,80.6,C|A|B|B|C,20.094,5.563,5.165,133.385,122.529,122.131
915,5,5,middle,44.7,C|B|B|B|C,50.785,19.585,17.358,133.908,125.121,124.027
916,5,5,middle,71.8,A|A|C|B|C,21.392,5.183,4.608,131.602,121.652,121.475
917,5,5,middle,61.0,A|C|C|B|C,25.206,6.865,6.15,134.623,123.242,123.065
918,5,5,middle,68.0,A|B|A|C|C,22.033,4.813,4.135,133.029,121.652,121.254
919,5,5,middle,69.4,C|B|B|C|C,29.883,9.981,9.642,133.623,124.362,124.044
920,5,5,middle,47.2,B|C|B|A|C,36.629,11.356,9.09,133.469,122.529,122.175
921,5,5,middle,46.0,B|A|B|C|C,30.073,7.585,6.685,133.469,122.529,122.352
922,5,5,middle,47.3,A|A|A|A|C,20.296,2.746,4.169,129.294,119.185,118.831
923,5,5,middle,74.5,A|C|C|A|A,24.331,7.052,5.683,131.162,121.931,120.842
924,5,5,middle,63.5,A|A|C|C|C,22.821,5.896,5.423,133.031,122.365,122.29
925,5,5,middle,55.9,B|A|A|A|A,17.45,3.917,1.5,126.354,119.629,118.444
926,5,5,middle,38.3,A|A|A|A|C,29.838,5.783,3.306,129.294,120.621,119.435
927,5,5,middle,52.1,B|B|B|C|C,29.963,9.383,8.352,133.908,123.406,123.331
928,5,5,middle,44.7,A|A|B|C|C,18.594,5.121,4.019,129.887,121.652,121.475
929,5,5,middle,62.3,C|A|B|B|C,26.638,7.615,6.252,133.469,122.529,122.352
930,5,5,middle,66.5,C|C|A|C|C,31.448,9.438,8.765,136.41,123.954,123.6
931,5,5,middle,71.6,C|C|A|C|C,33.898,12.996,13.381,136.41,123.954,123.6
932,5,5,middle,72.6,B|C|C|A|C,28.59,9.24,8.708,134.981,123.242,122.888
933,5,5,middle,83.8,C|A|C|C|C,25.569,8.704,8.35,134.696,123.954,123.6
934,5,5,middle,68.9,C|B|B|A|C,24.258,7.523,6.031,133.385,122.529,122.131
935,5,5,late,106.1,C|C|C|C|C,19.108,8.088,8.088,136.565,125.544,125.544
936,5,1,late,115.9,C|C|C|C|C,2.45,2.45,2.45,119.906,119.906,119.906
937,5,5,late,95.9,C|A|C|C|C,22.665,7.115,6.76,135.956,123.954,123.6
938,5,5,late,105.4,C|C|C|C|C,20.823,8.088,8.088,138.279,125.544,125.544
939,5,5,late,97.9,C|A|C|C|C,18.179,8.969,8.615,133.185,123.954,123.6
940,5,5,late,91.3,A|B|C|C|C,22.546,8.362,7.965,133.387,123.242,122.844
941,5,5,late,108.5,C|C|C|C|C,19.108,8.088,8.088,136.565,125.544,125.544
942,5,3,late,100.5,C|C|C|C|C,10.779,4.167,4.167,128.235,121.623,121.623
943,5,5,late,100.3,A|B|C|C|C,16.94,5.785,5.388,134.396,123.242,122.844
944,5,5,late,104.1,C|C|C|C|C,20.823,8.088,8.088,138.279,125.544,125.544
945,5,5,late,97.2,A|C|C|C|C,18.954,6.498,6.219,136.41,123.954,123.675
946,5,4,late,103.4,C|C|C|C|C,14.944,6.127,6.127,132.4,123.583,123.583
947,5,5,late,97.8,B|A|C|C|C,17.083,5.785,5.388,134.54,123.242,122.844
948,5,5,late,95.5,A|C|C|C|C,18.179,8.969,8.615,133.185,123.954,123.6
949,5,1,late,116.7,C|C|C|C|C,2.45,2.45,2.45,119.906,119.906,119.906
950,5,5,late,104.5,C|C|C|C|C,20.823,8.088,8.088,138.279,125.544,125.544
951,5,5,late,97.2,B|A|C|C|C,17.083,5.785,5.388,134.54,123.242,122.844
952,5,5,late,97.5,B|A|C|C|C,17.442,5.785,5.388,134.898,123.242,122.844
953,5,4,late,92.5,C|B|B|B|C,17.881,5.192,5.015,131.173,122.158,121.981
954,5,5,late,108.4,C|C|C|C|C,19.108,8.088,8.088,136.565,125.544,125.544
955,5,5,late,108.6,C|C|C|C|C,19.108,8.088,8.088,136.565,125.544,125.544
956,5,5,late,102.6,B|C|C|C|C,17.596,7.375,7.198,135.052,124.831,124.654
957,5,2,late,114.1,C|C|C|C|C,6.615,2.45,2.45,124.071,119.906,119.906
958,5,5,late,100.8,C|C|C|C|C,19.108,8.088,8.088,136.565,125.544,125.544
959,5,5,late,99.1,C|C|C|C|C,20.823,8.088,8.088,138.279,125.544,125.544
960,5,5,late,107.2,C|C|C|C|C,19.108,8.088,8.088,136.565,125.544,125.544
961,5,5,late,91.3,A|B|B|C|C,15.929,5.073,4.675,133.385,122.529,122.131
962,5,3,late,112.7,C|C|C|C|C,10.779,4.167,4.167,128.235,121.623,121.623
963,5,5,late,101.8,B|C|C|C|C,19.31,7.375,7.198,136.767,124.831,124.654
964,5,5,late,104.1,C|C|C|C|C,20.823,8.088,8.088,138.279,125.544,125.544
965,5,5,late,93.3,B|A|C|C|C,17.442,5.785,5.388,134.898,123.242,122.844
966,5,2,late,115.4,C|C|C|C|C,6.615,2.45,2.45,124.071,119.906,119.906
967,5,3,late,113.5,C|C|C|C|C,10.779,4.167,4.167,128.235,121.623,121.623
968,5,4,late,100.3,C|C|C|C|C,14.944,6.127,6.127,132.4,123.583,123.583
969,5,5,late,96.4,B|A|B|C|C,15.523,5.073,4.675,132.979,122.529,122.131
970,5,1,late,116.8,C|C|C|C|C,2.45,2.45,2.45,119.906,119.906,119.906
971,5,5,late,91.7,A|A|C|C|C,15.575,4.908,4.51,133.031,122.365,121.967
972,5,4,late,102.0,B|C|C|C|C,13.431,5.415,5.237,130.887,122.871,122.694
973,5,5,late,99.6,B|C|B|C|C,17.881,6.663,6.485,135.338,124.119,123.942
974,5,4,late,108.3,C|C|C|C|C,14.944,6.127,6.127,132.4,123.583,123.583
975,5,5,late,103.8,C|C|C|C|C,20.823,8.088,8.088,138.279,125.544,125.544
976,5,5,late,103.6,C|C|C|C|C,20.823,8.088,8.088,138.279,125.544,125.544
977,5,5,late,107.8,C|C|C|C|C,19.108,8.088,8.088,136.565,125.544,125.544
978,5,5,late,98.4,C|C|C|C|C,20.823,8.088,8.088,138.279,125.544,125.544
979,5,5,late,107.6,C|C|C|C|C,19.108,8.088,8.088,136.565,125.544,125.544
980,5,3,late,112.8,C|C|C|C|C,10.779,4.167,4.167,128.235,121.623,121.623
981,5,5,late,100.5,C|C|C|C|C,20.823,8.088,8.088,138.279,125.544,125.544
982,5,5,late,108.2,C|C|C|C|C,19.108,8.088,8.088,136.565,125.544,125.544
983,5,5,late,104.2,C|C|C|C|C,19.108,8.088,8.088,136.565,125.544,125.544
984,5,5,late,102.1,B|C|C|C|C,19.31,7.375,7.198,136.767,124.831,124.654
985,5,5,late,91.8,A|B|B|C|C,15.929,5.073,4.675,133.385,122.529,122.131
986,5,5,late,100.1,B|B|C|C|C,17.881,6.663,6.485,135.338,124.119,123.942
987,5,5,late,101.2,C|C|C|C|C,19.108,8.088,8.088,136.565,125.544,125.544
988,5,5,late,104.8,C|C|C|C|C,20.823,8.088,8.088,138.279,125.544,125.544
989,5,3,late,112.0,C|C|C|C|C,10.779,4.167,4.167,128.235,121.623,121.623
990,5,5,late,107.9,C|C|C|C|C,19.108,8.088,8.088,136.565,125.544,125.544
991,5,5,late,104.9,C|C|C|C|C,20.823,8.088,8.088,138.279,125.544,125.544
992,5,4,late,98.9,A|C|C|C|C,12.765,4.538,4.258,130.221,121.994,121.715
993,5,5,late,101.7,B|C|C|C|C,19.394,7.375,7.198,136.85,124.831,124.654
994,5,5,late,100.0,C|C|C|C|C,20.823,8.088,8.088,138.279,125.544,125.544
995,5,5,late,103.0,C|C|C|C|C,20.823,8.088,8.088,138.279,125.544,125.544
996,5,5,late,96.7,C|B|C|C|C,21.76,9.846,9.669,136.767,124.831,124.654
997,5,4,late,108.7,C|C|C|C|C,14.944,6.127,6.127,132.4,123.583,123.583
998,5,5,late,103.7,C|C|C|C|C,19.108,8.088,8.088,136.565,125.544,125.544
999,5,5,late,104.1,C|C|C|C|C,19.108,8.088,8.088,136.565,125.544,125.544
1000,5,5,late,100.5,C|C|C|C|C,20.823,8.088,8.088,138.279,125.544,125.544
