run,run_tardiness_Z,cumulative_mean_Z
1,17.128,17.128
2,17.403,17.2655
3,24.758,19.763
4,36.445,23.9335
5,24.461,24.039
6,15.619,22.6357
7,22.362,22.5966
8,28.899,23.3844
9,12.335,22.1567
10,25.328,22.4738
11,31.434,23.2884
12,20.252,23.0353
13,24.326,23.1346
14,17.225,22.7125
15,25.129,22.8736
16,16.658,22.4851
17,28.133,22.8174
18,23.88,22.8764
19,30.483,23.2767
20,9.586,22.5922
21,19.551,22.4474
22,26.207,22.6183
23,31.788,23.017
24,20.022,22.8922
25,16.479,22.6356
26,31.565,22.9791
27,18.775,22.8234
28,27.572,22.993
29,16.421,22.7663
30,33.547,23.1257
31,22.318,23.0996
32,18.627,22.9599
33,17.352,22.7899
34,14.146,22.5357
35,18.721,22.4267
36,16.252,22.2552
37,33.642,22.5629
38,17.303,22.4245
39,23.159,22.4434
40,30.27,22.639
41,45.96,23.2078
42,31.832,23.4132
43,27.985,23.5195
44,22.146,23.4883
45,23.611,23.491
46,36.726,23.7787
47,29.1,23.8919
48,15.956,23.7266
49,40.51,24.0691
50,28.616,24.1601
51,18.42,24.0475
52,14.678,23.8673
53,9.83,23.6025
54,32.929,23.7752
55,17.457,23.6603
56,21.174,23.6159
57,19.068,23.5361
58,36.465,23.759
59,29.942,23.8638
60,18.46,23.7738
61,33.192,23.9282
62,30.431,24.033
63,32.041,24.1602
64,14.924,24.0158
65,29.495,24.1001
66,9.978,23.8862
67,20.075,23.8293
68,29.262,23.9092
69,17.202,23.812
70,16.303,23.7047
71,16.784,23.6072
72,31.625,23.7186
73,17.494,23.6333
74,27.744,23.6889
75,30.732,23.7828
76,13.684,23.6499
77,9.979,23.4724
78,17.794,23.3996
79,23.641,23.4026
80,13.901,23.2838
81,33.668,23.412
82,16.994,23.3338
83,54.726,23.712
84,25.37,23.7317
85,27.039,23.7706
86,15.515,23.6746
87,26.579,23.708
88,14.978,23.6088
89,17.313,23.5381
90,7.637,23.3614
91,12.475,23.2418
92,21.292,23.2206
93,23.422,23.2227
94,19.174,23.1797
95,28.164,23.2321
96,12.557,23.1209
97,39.334,23.2881
98,7.435,23.1263
99,20.15,23.0963
100,22.287,23.0882
101,29.802,23.1546
102,18.285,23.1069
103,29.025,23.1643
104,29.623,23.2265
105,16.502,23.1624
106,17.723,23.1111
107,15.532,23.0403
108,24.133,23.0504
109,16.498,22.9903
110,25.431,23.0125
111,25.537,23.0352
112,24.632,23.0495
113,27.302,23.0871
114,18.8,23.0495
115,22.687,23.0463
116,14.431,22.9721
117,31.631,23.0461
118,14.27,22.9717
119,15.327,22.9075
120,14.973,22.8413
121,23.391,22.8459
122,36.288,22.9561
123,22.516,22.9525
124,9.03,22.8402
125,22.975,22.8413
126,11.753,22.7533
127,10.904,22.66
128,26.443,22.6895
129,24.79,22.7058
130,13.977,22.6387
131,26.955,22.6716
132,16.606,22.6257
133,19.98,22.6058
134,22.455,22.6046
135,22.044,22.6005
136,31.924,22.6691
137,25.249,22.6879
138,18.333,22.6563
139,20.083,22.6378
140,29.274,22.6852
141,19.59,22.6633
142,44.543,22.8173
143,20.914,22.804
144,27.745,22.8383
145,23.705,22.8443
146,12.498,22.7735
147,35.244,22.8583
148,12.054,22.7853
149,31.951,22.8468
150,21.363,22.8369
151,18.942,22.8111
152,21.632,22.8034
153,26.275,22.8261
154,28.97,22.8659
155,26.974,22.8925
156,28.922,22.9311
157,8.119,22.8368
158,19.008,22.8125
159,17.533,22.7793
160,13.381,22.7206
161,20.75,22.7083
162,24.684,22.7205
163,18.178,22.6927
164,11.695,22.6256
165,33.538,22.6917
166,33.723,22.7582
167,21.323,22.7496
168,20.315,22.7351
169,20.317,22.7208
170,26.878,22.7453
171,12.727,22.6867
172,22.976,22.6884
173,17.548,22.6586
174,21.28,22.6507
175,13.891,22.6007
176,27.514,22.6286
177,18.726,22.6065
178,24.908,22.6195
179,28.901,22.6546
180,15.45,22.6145
181,23.265,22.6181
182,26.794,22.6411
183,34.508,22.7059
184,20.561,22.6943
185,28.172,22.7239
186,32.167,22.7746
187,25.778,22.7907
188,11.57,22.731
189,28.918,22.7637
190,41.531,22.8625
191,12.153,22.8065
192,22.591,22.8053
193,21.592,22.799
194,19.053,22.7797
195,24.139,22.7867
196,30.79,22.8275
197,44.474,22.9374
198,11.757,22.8809
199,29.024,22.9118
200,19.071,22.8926
201,18.671,22.8716
202,11.398,22.8148
203,26.748,22.8342
204,23.834,22.8391
205,8.901,22.7711
206,24.79,22.7809
207,12.359,22.7306
208,26.46,22.7485
209,16.839,22.7202
210,15.185,22.6843
211,31.784,22.7275
212,32.379,22.773
213,21.717,22.768
214,8.116,22.6996
215,24.508,22.708
216,30.333,22.7433
217,28.638,22.7704
218,16.455,22.7415
219,26.227,22.7574
220,16.745,22.73
221,9.733,22.6712
222,20.54,22.6616
223,49.079,22.7801
224,42.5,22.8681
225,19.517,22.8532
226,30.236,22.8859
227,34.626,22.9376
228,7.546,22.8701
229,13.381,22.8287
230,13.13,22.7865
231,22.968,22.7873
232,12.021,22.7409
233,15.193,22.7085
234,19.42,22.6944
235,39.36,22.7654
236,17.279,22.7421
237,18.714,22.7251
238,26.476,22.7409
239,16.369,22.7142
240,30.327,22.7459
241,37.1,22.8055
242,14.192,22.7699
243,20.32,22.7598
244,30.26,22.7906
245,18.462,22.7729
246,16.504,22.7474
247,18.489,22.7302
248,43.762,22.815
249,23.643,22.8183
250,34.06,22.8633
251,16.784,22.839
252,17.992,22.8198
253,31.032,22.8523
254,17.178,22.8299
255,19.273,22.816
256,10.545,22.7681
257,27.214,22.7854
258,21.218,22.7793
259,26.614,22.7941
260,24.631,22.8011
261,24.944,22.8094
262,21.273,22.8035
263,11.142,22.7592
264,28.189,22.7797
265,14.816,22.7497
266,25.428,22.7597
267,19.006,22.7457
268,20.583,22.7376
269,15.41,22.7104
270,40.671,22.7769
271,16.431,22.7535
272,14.837,22.7244
273,26.904,22.7397
274,28.682,22.7614
275,17.011,22.7405
276,25.673,22.7511
277,22.324,22.7495
278,22.536,22.7488
279,24.886,22.7564
280,31.404,22.7873
281,17.818,22.7696
282,14.335,22.7397
283,23.482,22.7423
284,41.379,22.808
285,20.2,22.7988
286,14.83,22.771
287,12.902,22.7366
288,32.769,22.7714
289,24.311,22.7767
290,30.108,22.802
291,24.259,22.807
292,23.659,22.8099
293,27.32,22.8253
294,25.38,22.834
295,19.906,22.8241
296,18.509,22.8095
297,26.236,22.821
298,29.741,22.8443
299,14.123,22.8151
300,34.115,22.8528
301,22.749,22.8524
302,18.198,22.837
303,19.471,22.8259
304,21.679,22.8221
305,24.633,22.8281
306,16.498,22.8074
307,13.445,22.7769
308,22.488,22.7759
309,30.384,22.8006
310,31.401,22.8283
311,22.78,22.8282
312,23.39,22.83
313,20.995,22.8241
314,16.087,22.8026
315,11.764,22.7676
316,28.818,22.7867
317,14.301,22.76
318,33.35,22.7933
319,32.474,22.8236
320,29.921,22.8458
321,15.992,22.8244
322,28.116,22.8409
323,25.07,22.8478
324,20.316,22.84
325,21.239,22.835
326,19.462,22.8247
327,20.917,22.8189
328,23.058,22.8196
329,32.638,22.8494
330,38.349,22.8964
331,21.878,22.8933
332,9.637,22.8534
333,26.082,22.8631
334,13.379,22.8347
335,24.708,22.8403
336,11.898,22.8077
337,14.013,22.7816
338,32.891,22.8115
339,26.521,22.8225
340,17.378,22.8065
341,18.955,22.7952
342,20.905,22.7896
343,27.865,22.8044
344,9.311,22.7652
345,13.419,22.7381
346,22.8,22.7383
347,20.025,22.7305
348,14.39,22.7065
349,21.37,22.7027
350,14.061,22.678
351,7.851,22.6358
352,20.555,22.6298
353,15.12,22.6086
354,22.051,22.607
355,27.814,22.6217
356,20.57,22.6159
357,21.422,22.6126
358,11.583,22.5817
359,16.292,22.5642
360,24.443,22.5694
361,20.675,22.5642
362,25.421,22.5721
363,18.023,22.5596
364,12.599,22.5322
365,20.003,22.5253
366,17.685,22.512
367,23.203,22.5139
368,19.772,22.5065
369,19.192,22.4975
370,28.048,22.5125
371,36.182,22.5493
372,24.74,22.5552
373,24.728,22.561
374,17.658,22.5479
375,12.881,22.5222
376,13.117,22.4971
377,18.784,22.4873
378,17.82,22.4749
379,26.933,22.4867
380,27.224,22.4992
381,19.098,22.4903
382,21.971,22.4889
383,14.395,22.4678
384,18.116,22.4564
385,15.865,22.4393
386,20.149,22.4334
387,23.812,22.4369
388,15.692,22.4196
389,20.902,22.4157
390,19.173,22.4073
391,18.285,22.3968
392,10.143,22.3655
393,27.688,22.3791
394,31.939,22.4033
395,21.835,22.4019
396,30.788,22.4231
397,19.229,22.415
398,31.549,22.438
399,26.53,22.4482
400,13.376,22.4256
401,29.808,22.444
402,18.519,22.4342
403,25.314,22.4413
404,19.093,22.4331
405,29.625,22.4508
406,15.72,22.4342
407,22.305,22.4339
408,31.238,22.4555
409,25.163,22.4621
410,31.006,22.483
411,24.786,22.4886
412,31.005,22.5092
413,21.24,22.5062
414,26.104,22.5149
415,34.468,22.5437
416,11.19,22.5164
417,20.738,22.5121
418,25.3,22.5188
419,10.061,22.489
420,13.91,22.4686
421,38.253,22.5061
422,18.423,22.4964
423,19.403,22.4891
424,18.227,22.4791
425,31.722,22.5008
426,34.238,22.5284
427,31.555,22.5495
428,13.116,22.5275
429,18.087,22.5171
430,20.045,22.5114
431,22.273,22.5108
432,25.517,22.5178
433,22.286,22.5172
434,17.811,22.5064
435,12.425,22.4832
436,28.845,22.4978
437,16.706,22.4845
438,36.955,22.5176
439,37.868,22.5526
440,22.166,22.5517
441,9.522,22.5221
442,15.713,22.5067
443,31.245,22.5264
444,25.297,22.5327
445,46.314,22.5861
446,25.691,22.5931
447,28.785,22.6069
448,20.673,22.6026
449,31.539,22.6225
450,21.245,22.6195
451,26.93,22.629
452,31.416,22.6485
453,20.857,22.6445
454,27.01,22.6541
455,16.15,22.6398
456,24.055,22.6429
457,26.236,22.6508
458,8.093,22.619
459,18.113,22.6092
460,31.997,22.6296
461,34.46,22.6553
462,13.24,22.6349
463,26.636,22.6435
464,24.678,22.6479
465,16.865,22.6355
466,15.878,22.621
467,31.645,22.6403
468,20.431,22.6356
469,32.245,22.6561
470,32.748,22.6775
471,20.358,22.6726
472,13.073,22.6523
473,14.061,22.6341
474,46.53,22.6845
475,25.207,22.6898
476,24.309,22.6932
477,31.284,22.7112
478,18.505,22.7024
479,13.582,22.6834
480,15.949,22.6694
481,29.556,22.6837
482,24.075,22.6866
483,37.85,22.718
484,25.768,22.7243
485,14.134,22.7066
486,32.893,22.7275
487,16.097,22.7139
488,13.666,22.6954
489,33.312,22.7171
490,21.232,22.7141
491,37.478,22.7441
492,24.964,22.7486
493,29.922,22.7632
494,14.916,22.7473
495,31.054,22.7641
496,9.781,22.7379
497,28.382,22.7493
498,25.754,22.7553
499,22.613,22.755
500,21.48,22.7525
